EmployeeID,Name,Age,Department,JobRole,EducationLevel,City,MonthlyIncome,YearsAtCompany,JobSatisfaction,WorkLifeBalance,Overtime,PerformanceScore,TrainingHours,ProjectsCompleted,Attrition,PerformanceTarget,PromotionSuitable,TrainingNeed,EmployeeRiskScore
EMP1001,Employee_1001,52,Sales,Manager,Bachelor,Delhi,101888.0,6.6,3,2,No,4.19,25.4,5,0,4.15,1,0,16.6
EMP1002,Employee_1002,47,Marketing,Specialist,Master,Haldwani,29324.0,10.3,1,5,No,5.0,27.8,4,0,4.93,1,0,18.0
EMP1003,Employee_1003,58,Finance,Specialist,Master,Lucknow,53549.0,11.8,2,5,No,5.0,25.9,4,0,5.0,1,0,17.75
EMP1004,Employee_1004,59,HR,Executive,Master,Haldwani,26124.0,11.8,2,3,No,5.0,61.4,4,0,5.0,1,0,25.44
EMP1005,Employee_1005,49,HR,Specialist,PhD,Noida,34893.0,1.0,5,1,Yes,4.83,5.0,5,0,5.0,0,0,26.26
EMP1006,Employee_1006,35,Operations,Manager,Master,Lucknow,38138.0,3.7,5,5,Yes,5.0,24.6,4,0,4.96,1,0,6.9
EMP1007,Employee_1007,44,Sales,Analyst,Master,Noida,28743.0,7.2,1,5,No,4.55,29.9,1,0,4.46,1,0,9.75
EMP1008,Employee_1008,38,Marketing,Manager,Bachelor,Lucknow,28858.0,15.8,4,3,No,5.0,19.1,7,0,5.0,1,0,0.0
EMP1009,Employee_1009,46,IT,Coordinator,Master,Noida,48826.0,11.4,4,3,No,5.0,42.6,7,0,5.0,1,0,0.0
EMP1010,Employee_1010,53,Sales,Coordinator,Bachelor,Delhi,25232.0,9.9,2,2,No,4.09,41.4,4,0,4.37,1,0,30.47
EMP1011,Employee_1011,35,Finance,Coordinator,Master,Haldwani,70527.0,3.6,3,1,Yes,4.6,29.3,4,0,4.75,1,0,36.26
EMP1012,Employee_1012,41,Operations,Developer,Master,Delhi,31809.0,1.5,4,5,No,5.0,26.2,7,0,4.85,1,0,7.7
EMP1013,Employee_1013,22,Marketing,Specialist,PhD,Jaipur,113811.0,8.5,2,3,Yes,5.0,28.4,6,0,4.92,1,0,32.52
EMP1014,Employee_1014,50,Marketing,Developer,PhD,Haldwani,42070.0,0.6,1,2,No,3.9,28.5,4,1,3.75,0,0,75.71
EMP1015,Employee_1015,40,Marketing,Specialist,Bachelor,Noida,53584.0,4.2,2,4,No,4.57,28.9,6,0,5.0,1,0,13.22
EMP1016,Employee_1016,39,Marketing,Manager,Master,Noida,23502.0,4.7,2,1,Yes,5.0,27.4,10,1,5.0,1,0,71.84
EMP1017,Employee_1017,42,Finance,Analyst,Master,Haldwani,89534.0,11.9,2,1,Yes,3.41,33.5,1,0,3.34,1,0,50.27
EMP1018,Employee_1018,29,Sales,Analyst,Bachelor,Dehradun,76629.0,3.7,2,2,No,4.36,40.5,10,0,4.53,1,0,20.81
EMP1019,Employee_1019,44,Operations,Executive,Bachelor,Dehradun,58532.0,0.2,1,3,Yes,5.0,12.8,3,1,4.89,0,1,61.22
EMP1020,Employee_1020,50,HR,Executive,Bachelor,Noida,22370.0,7.3,5,2,Yes,5.0,15.3,7,0,4.94,1,0,32.6
EMP1021,Employee_1021,34,Finance,Developer,Master,Dehradun,56635.0,2.3,1,1,No,2.37,5.5,3,1,2.55,0,1,84.49
EMP1022,Employee_1022,26,HR,Developer,Bachelor,Lucknow,27329.0,5.4,4,2,No,4.85,42.1,5,0,5.0,1,0,14.05
EMP1023,Employee_1023,36,IT,Executive,PhD,Delhi,84172.0,4.8,4,2,No,5.0,33.5,3,0,5.0,1,0,9.1
EMP1024,Employee_1024,28,Operations,Developer,Bachelor,Lucknow,69802.0,4.1,4,3,Yes,5.0,37.1,9,0,5.0,1,0,14.95
EMP1025,Employee_1025,35,Marketing,Manager,PhD,Noida,54100.0,8.5,5,3,No,5.0,10.0,8,0,5.0,1,0,5.02
EMP1026,Employee_1026,46,Finance,Analyst,Bachelor,Haldwani,18000.0,0.2,1,5,Yes,3.94,55.0,4,0,4.39,0,0,30.1
EMP1027,Employee_1027,25,HR,Developer,Master,Delhi,30365.0,3.0,2,5,Yes,4.6,21.5,8,0,4.7,1,0,25.85
EMP1028,Employee_1028,50,Marketing,Developer,Bachelor,Noida,67131.0,8.1,1,2,No,4.55,32.4,7,1,4.93,1,0,58.76
EMP1029,Employee_1029,29,Finance,Manager,Master,Lucknow,78683.0,2.6,3,5,Yes,5.0,42.0,5,0,5.0,1,0,10.95
EMP1030,Employee_1030,56,HR,Developer,Master,Dehradun,76402.0,0.2,4,3,No,5.0,16.2,6,0,5.0,1,0,1.96
EMP1031,Employee_1031,50,HR,Specialist,PhD,Delhi,18000.0,8.0,5,1,Yes,5.0,22.4,5,1,5.0,1,0,66.72
EMP1032,Employee_1032,31,IT,Analyst,Master,Haldwani,58634.0,9.9,2,2,Yes,3.86,32.5,4,0,4.12,1,0,41.0
EMP1033,Employee_1033,43,Sales,Developer,Bachelor,Delhi,74341.0,5.0,2,4,No,3.97,70.0,3,0,4.33,1,0,3.95
EMP1034,Employee_1034,25,Finance,Developer,Bachelor,Dehradun,18000.0,0.2,5,5,No,5.0,34.2,5,0,5.0,1,0,2.1
EMP1035,Employee_1035,24,Operations,Analyst,Bachelor,Noida,51826.0,8.2,4,2,Yes,4.41,52.5,8,1,4.38,1,0,60.51
EMP1036,Employee_1036,59,Sales,Specialist,Bachelor,Haldwani,58025.0,0.2,4,1,Yes,4.31,46.9,3,0,5.0,0,0,33.45
EMP1037,Employee_1037,53,Operations,Analyst,Master,Haldwani,45383.0,6.5,3,1,No,4.83,35.2,6,1,5.0,1,0,46.22
EMP1038,Employee_1038,27,Marketing,Analyst,Master,Lucknow,18000.0,1.5,3,1,No,3.42,16.2,5,1,3.21,0,0,45.06
EMP1039,Employee_1039,32,IT,Specialist,Master,Jaipur,44835.0,0.3,2,4,No,3.81,44.8,4,0,3.86,0,0,15.77
EMP1040,Employee_1040,28,Finance,Coordinator,Master,Delhi,44799.0,3.3,4,3,Yes,5.0,9.0,10,0,4.77,1,0,26.79
EMP1041,Employee_1041,36,Sales,Specialist,Master,Noida,48742.0,4.4,2,3,No,4.95,52.4,7,1,5.0,1,0,53.75
EMP1042,Employee_1042,32,Marketing,Coordinator,Master,Delhi,39604.0,2.5,5,4,Yes,5.0,32.8,2,0,4.9,1,0,15.68
EMP1043,Employee_1043,34,Marketing,Coordinator,Bachelor,Delhi,42254.0,7.7,1,5,Yes,5.0,5.0,5,0,5.0,1,1,31.79
EMP1044,Employee_1044,42,HR,Developer,Bachelor,Dehradun,51126.0,3.3,3,4,No,5.0,25.2,6,0,5.0,1,0,0.0
EMP1045,Employee_1045,28,Sales,Specialist,Master,Haldwani,61734.0,9.3,2,1,No,3.97,39.2,4,0,4.02,1,0,24.39
EMP1046,Employee_1046,56,Operations,Analyst,Master,Jaipur,45303.0,6.4,4,3,No,4.71,26.7,7,0,4.85,1,0,0.0
EMP1047,Employee_1047,50,HR,Developer,Bachelor,Lucknow,42988.0,2.3,4,5,No,5.0,40.0,7,0,4.94,1,0,8.65
EMP1048,Employee_1048,51,Operations,Manager,Bachelor,Haldwani,54032.0,1.6,5,4,Yes,5.0,18.1,5,0,5.0,1,0,22.64
EMP1049,Employee_1049,27,Marketing,Coordinator,Master,Lucknow,18000.0,0.2,4,2,No,4.95,11.7,2,0,5.0,0,1,16.96
EMP1050,Employee_1050,49,Marketing,Coordinator,Bachelor,Dehradun,62495.0,6.4,2,2,No,3.04,29.0,9,0,3.49,1,0,30.68
EMP1051,Employee_1051,54,Marketing,Developer,Bachelor,Jaipur,51988.0,3.7,2,5,No,4.5,30.4,11,0,4.72,1,0,7.24
EMP1052,Employee_1052,28,IT,Manager,Master,Jaipur,52873.0,0.2,5,1,No,5.0,25.1,7,0,5.0,1,0,13.9
EMP1053,Employee_1053,51,HR,Analyst,Master,Delhi,73136.0,2.9,3,3,No,4.89,47.2,6,0,5.0,1,0,8.96
EMP1054,Employee_1054,35,HR,Specialist,Bachelor,Noida,18000.0,1.4,1,1,Yes,2.52,18.1,2,1,2.65,0,1,100.0
EMP1055,Employee_1055,52,HR,Manager,Master,Lucknow,18000.0,11.8,5,5,Yes,5.0,34.4,7,0,5.0,1,0,12.18
EMP1056,Employee_1056,40,Sales,Manager,Bachelor,Noida,58024.0,0.2,4,1,No,4.45,31.0,8,1,4.83,1,0,41.21
EMP1057,Employee_1057,53,Finance,Specialist,Master,Jaipur,51843.0,0.2,1,1,Yes,3.69,8.2,4,1,3.54,0,1,86.9
EMP1058,Employee_1058,26,Sales,Manager,Bachelor,Jaipur,55744.0,9.9,4,2,No,5.0,11.5,13,0,5.0,1,0,14.65
EMP1059,Employee_1059,36,Marketing,Executive,Master,Noida,41833.0,10.9,4,2,No,5.0,30.2,8,0,5.0,1,0,6.22
EMP1060,Employee_1060,31,Marketing,Analyst,Bachelor,Delhi,66616.0,2.1,4,3,Yes,4.61,57.7,8,0,4.67,1,0,10.38
EMP1061,Employee_1061,30,Operations,Analyst,Bachelor,Noida,72518.0,2.5,5,2,Yes,5.0,38.1,7,0,5.0,1,0,23.61
EMP1062,Employee_1062,33,Marketing,Specialist,Master,Dehradun,62648.0,7.8,3,2,No,5.0,5.8,5,0,5.0,1,0,14.34
EMP1063,Employee_1063,36,HR,Executive,Bachelor,Noida,46262.0,0.2,3,3,No,5.0,5.0,5,0,4.64,0,0,1.04
EMP1064,Employee_1064,26,Operations,Analyst,Bachelor,Haldwani,18000.0,0.2,4,3,No,5.0,40.3,7,0,5.0,1,0,0.0
EMP1065,Employee_1065,49,HR,Manager,Bachelor,Noida,68923.0,4.0,1,5,No,4.02,28.7,7,0,3.82,1,0,18.89
EMP1066,Employee_1066,43,IT,Specialist,Master,Dehradun,78878.0,11.7,1,3,Yes,5.0,46.0,8,1,5.0,1,0,65.39
EMP1067,Employee_1067,54,Operations,Manager,Master,Dehradun,66180.0,3.4,5,3,No,4.98,17.7,5,0,5.0,1,0,5.31
EMP1068,Employee_1068,49,HR,Coordinator,PhD,Lucknow,32648.0,5.6,2,4,Yes,5.0,34.9,4,1,5.0,1,0,63.21
EMP1069,Employee_1069,26,Sales,Coordinator,Bachelor,Delhi,66823.0,10.0,3,1,No,3.75,41.8,4,0,4.25,1,0,30.23
EMP1070,Employee_1070,23,HR,Executive,Bachelor,Dehradun,70932.0,14.0,2,4,No,4.19,23.7,8,0,4.14,1,0,12.18
EMP1071,Employee_1071,37,Marketing,Coordinator,Bachelor,Jaipur,86294.0,2.8,2,5,No,5.0,24.0,4,1,4.65,1,0,45.48
EMP1072,Employee_1072,40,IT,Manager,Master,Delhi,32726.0,5.1,3,2,Yes,4.19,30.4,5,0,4.2,1,0,24.87
EMP1073,Employee_1073,30,HR,Manager,PhD,Noida,47018.0,12.9,5,1,Yes,4.44,37.6,7,0,4.39,1,0,28.95
EMP1074,Employee_1074,52,Sales,Executive,Master,Dehradun,68440.0,0.2,3,2,Yes,4.74,29.8,4,1,5.0,0,0,56.4
EMP1075,Employee_1075,44,Marketing,Manager,Master,Delhi,53263.0,9.5,1,2,No,5.0,43.6,6,1,5.0,1,0,66.47
EMP1076,Employee_1076,50,HR,Specialist,Bachelor,Noida,27419.0,0.9,2,3,No,5.0,23.5,4,0,5.0,0,0,5.47
EMP1077,Employee_1077,25,IT,Manager,Master,Haldwani,61122.0,5.6,1,5,Yes,4.67,11.4,3,1,4.69,1,1,65.81
EMP1078,Employee_1078,53,IT,Executive,Bachelor,Dehradun,64731.0,4.2,5,3,No,5.0,57.7,7,0,5.0,1,0,0.0
EMP1079,Employee_1079,29,Finance,Manager,Bachelor,Delhi,53935.0,1.2,2,1,No,4.47,21.5,5,0,4.62,0,0,28.09
EMP1080,Employee_1080,38,Marketing,Coordinator,Bachelor,Delhi,56831.0,1.1,2,2,Yes,4.87,22.0,7,0,5.0,0,0,48.02
EMP1081,Employee_1081,38,Operations,Specialist,Bachelor,Haldwani,46308.0,6.4,1,4,Yes,4.42,29.1,8,1,4.73,1,0,76.52
EMP1082,Employee_1082,53,HR,Executive,Bachelor,Jaipur,84522.0,9.4,3,2,No,5.0,30.9,5,0,4.93,1,0,9.61
EMP1083,Employee_1083,32,Sales,Coordinator,Bachelor,Dehradun,32185.0,4.7,5,3,No,5.0,24.6,8,0,5.0,1,0,0.0
EMP1084,Employee_1084,30,Marketing,Coordinator,Bachelor,Dehradun,39079.0,5.5,3,4,No,5.0,29.8,4,0,5.0,1,0,0.0
EMP1085,Employee_1085,34,Finance,Analyst,Master,Noida,52242.0,7.6,4,2,No,5.0,29.4,7,0,5.0,1,0,10.65
EMP1086,Employee_1086,35,Marketing,Specialist,Bachelor,Noida,71337.0,1.1,1,4,No,4.15,32.4,6,0,3.66,0,0,11.43
EMP1087,Employee_1087,28,Sales,Developer,Bachelor,Dehradun,19058.0,8.3,1,2,No,5.0,5.0,2,1,5.0,1,1,69.12
EMP1088,Employee_1088,28,IT,Manager,PhD,Delhi,23173.0,8.6,4,1,No,5.0,56.3,6,0,5.0,1,0,12.56
EMP1089,Employee_1089,30,Marketing,Developer,Master,Haldwani,18000.0,16.1,1,2,No,5.0,27.9,5,0,5.0,1,0,41.25
EMP1090,Employee_1090,39,Marketing,Specialist,Master,Noida,52719.0,3.6,3,3,No,5.0,38.1,7,0,5.0,1,0,2.08
EMP1091,Employee_1091,34,HR,Coordinator,Bachelor,Noida,27397.0,3.3,2,1,No,3.74,10.7,6,1,3.73,0,1,59.95
EMP1092,Employee_1092,36,Marketing,Specialist,Master,Dehradun,43540.0,8.4,1,5,No,5.0,23.4,8,0,5.0,1,0,13.17
EMP1093,Employee_1093,49,Operations,Coordinator,Bachelor,Jaipur,66550.0,8.6,3,3,No,5.0,20.6,8,0,5.0,1,0,0.0
EMP1094,Employee_1094,30,HR,Coordinator,Bachelor,Haldwani,37886.0,3.0,5,1,No,5.0,50.6,3,0,5.0,1,0,19.0
EMP1095,Employee_1095,57,Operations,Executive,Master,Noida,57088.0,3.5,1,5,No,3.85,21.8,6,0,3.97,1,0,6.81
EMP1096,Employee_1096,51,IT,Analyst,Master,Dehradun,45415.0,7.5,5,5,No,5.0,40.6,3,0,5.0,1,0,0.0
EMP1097,Employee_1097,27,IT,Specialist,Master,Lucknow,66787.0,1.7,3,1,No,4.53,20.9,11,0,4.76,1,0,12.04
EMP1098,Employee_1098,33,Marketing,Manager,Master,Jaipur,62453.0,3.5,4,1,No,5.0,23.7,5,0,5.0,1,0,18.41
EMP1099,Employee_1099,28,Finance,Executive,Master,Delhi,36777.0,5.6,1,2,No,5.0,26.6,2,0,5.0,1,0,36.17
EMP1100,Employee_1100,31,Sales,Executive,Bachelor,Jaipur,48290.0,9.4,5,3,No,5.0,48.0,8,0,4.97,1,0,6.9
EMP1101,Employee_1101,35,Marketing,Manager,Bachelor,Lucknow,74962.0,2.7,1,4,No,5.0,5.0,6,0,5.0,0,1,17.65
EMP1102,Employee_1102,26,IT,Manager,Bachelor,Delhi,60654.0,0.2,5,3,No,5.0,11.6,6,0,4.75,1,0,0.0
EMP1103,Employee_1103,21,Marketing,Analyst,Bachelor,Lucknow,21267.0,0.2,4,4,Yes,5.0,5.0,2,0,4.79,0,1,18.97
EMP1104,Employee_1104,38,Sales,Analyst,Master,Delhi,66424.0,0.2,2,1,No,3.09,14.8,6,0,2.73,0,1,24.28
EMP1105,Employee_1105,49,Marketing,Executive,Bachelor,Delhi,28139.0,0.2,1,4,No,5.0,18.6,6,1,5.0,0,1,40.78
EMP1106,Employee_1106,33,Marketing,Manager,Master,Delhi,83075.0,4.6,4,5,No,5.0,7.4,3,0,5.0,1,0,2.18
EMP1107,Employee_1107,55,Marketing,Executive,Master,Noida,74530.0,0.2,1,3,No,4.34,19.7,2,0,4.42,0,1,9.97
EMP1108,Employee_1108,35,Finance,Manager,Master,Haldwani,58377.0,2.2,4,3,No,5.0,5.0,5,0,5.0,1,0,0.0
EMP1109,Employee_1109,57,HR,Developer,Bachelor,Noida,55459.0,1.9,4,2,No,5.0,15.7,3,0,5.0,0,0,15.6
EMP1110,Employee_1110,30,Marketing,Developer,Bachelor,Delhi,47401.0,3.3,2,5,Yes,4.96,46.8,3,0,5.0,1,0,31.24
EMP1111,Employee_1111,42,IT,Specialist,PhD,Dehradun,66928.0,10.8,2,1,No,5.0,35.7,6,0,5.0,1,0,34.69
EMP1112,Employee_1112,51,Marketing,Manager,Master,Jaipur,43843.0,8.0,2,2,Yes,4.66,32.6,6,0,4.72,1,0,49.16
EMP1113,Employee_1113,23,Finance,Specialist,Master,Jaipur,57183.0,5.3,2,1,No,3.58,16.0,4,1,3.7,0,1,65.98
EMP1114,Employee_1114,58,HR,Specialist,Master,Lucknow,71183.0,3.3,1,5,No,3.93,8.5,8,1,3.93,1,1,47.79
EMP1115,Employee_1115,35,Finance,Coordinator,Master,Delhi,39640.0,3.4,2,3,No,4.0,14.1,6,0,4.01,0,1,15.54
EMP1116,Employee_1116,40,Finance,Specialist,Bachelor,Lucknow,38444.0,6.6,4,5,Yes,5.0,29.4,2,0,5.0,1,0,12.02
EMP1117,Employee_1117,46,Sales,Manager,Master,Lucknow,25724.0,7.7,2,4,Yes,5.0,42.2,4,0,5.0,1,0,29.02
EMP1118,Employee_1118,46,Sales,Developer,Bachelor,Haldwani,28582.0,1.4,4,3,No,5.0,42.6,3,0,4.8,1,0,13.09
EMP1119,Employee_1119,21,IT,Analyst,Master,Delhi,18000.0,5.4,5,3,No,5.0,38.8,1,0,4.97,1,0,0.91
EMP1120,Employee_1120,55,Sales,Manager,PhD,Jaipur,68056.0,0.2,4,2,Yes,4.28,19.7,6,1,4.33,0,0,67.25
EMP1121,Employee_1121,45,HR,Executive,Bachelor,Noida,91796.0,6.1,3,3,No,5.0,30.3,5,0,5.0,1,0,0.0
EMP1122,Employee_1122,60,Marketing,Coordinator,Bachelor,Delhi,83357.0,8.4,2,4,Yes,4.98,25.5,4,0,5.0,1,0,35.1
EMP1123,Employee_1123,39,Finance,Coordinator,Bachelor,Dehradun,18000.0,4.0,5,5,No,5.0,27.2,11,0,5.0,1,0,3.8
EMP1124,Employee_1124,45,HR,Executive,PhD,Noida,67947.0,12.8,2,3,No,5.0,58.5,4,0,5.0,1,0,18.84
EMP1125,Employee_1125,38,Operations,Specialist,Bachelor,Delhi,83286.0,1.5,3,5,Yes,3.93,5.3,0,0,3.85,0,1,16.07
EMP1126,Employee_1126,56,Finance,Executive,Bachelor,Dehradun,41950.0,6.1,3,5,Yes,5.0,26.7,10,0,5.0,1,0,20.17
EMP1127,Employee_1127,54,Sales,Specialist,Bachelor,Noida,54232.0,5.0,4,3,No,5.0,47.0,9,0,5.0,1,0,6.36
EMP1128,Employee_1128,57,Marketing,Executive,Bachelor,Jaipur,18000.0,4.8,3,3,No,3.77,9.5,2,0,3.8,0,1,1.42
EMP1129,Employee_1129,41,Finance,Developer,Bachelor,Delhi,57868.0,4.7,4,1,No,5.0,21.0,8,0,5.0,1,0,14.43
EMP1130,Employee_1130,52,Finance,Manager,Bachelor,Haldwani,28602.0,5.6,5,2,No,5.0,22.6,5,0,4.51,1,0,19.47
EMP1131,Employee_1131,35,Finance,Specialist,Bachelor,Jaipur,56392.0,8.8,2,5,No,5.0,26.9,4,0,5.0,1,0,10.48
EMP1132,Employee_1132,39,Finance,Developer,Bachelor,Lucknow,18000.0,11.0,5,1,Yes,5.0,7.7,7,0,5.0,1,0,26.41
EMP1133,Employee_1133,51,Sales,Coordinator,Bachelor,Jaipur,63943.0,5.2,1,2,Yes,4.85,38.3,4,1,5.0,1,0,79.73
EMP1134,Employee_1134,24,Finance,Specialist,Bachelor,Dehradun,74539.0,8.6,5,4,No,5.0,39.3,5,0,5.0,1,0,0.0
EMP1135,Employee_1135,49,Marketing,Analyst,Bachelor,Lucknow,34770.0,2.3,1,2,Yes,4.44,37.1,5,1,4.35,0,0,84.14
EMP1136,Employee_1136,21,IT,Specialist,Master,Jaipur,26988.0,8.4,5,5,No,5.0,17.8,5,0,5.0,1,0,0.0
EMP1137,Employee_1137,44,Finance,Specialist,Bachelor,Dehradun,18000.0,2.0,2,4,No,4.33,31.2,5,0,4.01,1,0,12.64
EMP1138,Employee_1138,40,Sales,Developer,Bachelor,Noida,46139.0,9.8,5,1,Yes,5.0,17.4,7,0,4.87,1,0,28.93
EMP1139,Employee_1139,39,HR,Specialist,Bachelor,Haldwani,39205.0,14.5,1,2,Yes,5.0,25.3,7,1,5.0,1,0,80.2
EMP1140,Employee_1140,40,HR,Coordinator,Bachelor,Noida,18000.0,4.7,3,4,Yes,5.0,60.1,6,0,5.0,1,0,13.28
EMP1141,Employee_1141,40,Operations,Specialist,Bachelor,Dehradun,61966.0,0.2,5,5,No,5.0,31.3,8,0,5.0,1,0,0.0
EMP1142,Employee_1142,37,IT,Specialist,Bachelor,Jaipur,42101.0,2.9,1,5,No,3.74,13.4,4,0,3.36,0,1,14.7
EMP1143,Employee_1143,39,IT,Manager,Master,Jaipur,28334.0,10.4,2,5,No,4.82,32.5,5,0,4.96,1,0,12.76
EMP1144,Employee_1144,43,HR,Analyst,Bachelor,Noida,39799.0,7.5,1,1,No,4.28,11.1,3,0,4.25,0,1,26.13
EMP1145,Employee_1145,51,Operations,Specialist,Bachelor,Lucknow,75569.0,6.2,2,4,No,5.0,13.2,4,0,5.0,1,1,20.41
EMP1146,Employee_1146,43,Operations,Developer,Bachelor,Noida,65265.0,9.4,2,1,No,4.78,15.4,3,1,5.0,1,1,54.48
EMP1147,Employee_1147,46,Sales,Manager,Bachelor,Lucknow,49139.0,7.2,4,1,No,4.76,23.8,5,0,5.0,1,0,13.97
EMP1148,Employee_1148,54,IT,Analyst,Bachelor,Haldwani,65620.0,10.3,2,4,No,5.0,43.1,7,0,5.0,1,0,12.66
EMP1149,Employee_1149,60,Marketing,Analyst,Master,Noida,26460.0,9.1,1,3,No,4.46,38.1,12,0,4.7,1,0,17.09
EMP1150,Employee_1150,25,Sales,Executive,Master,Delhi,52712.0,11.6,1,4,No,4.81,37.3,5,0,5.0,1,0,7.73
EMP1151,Employee_1151,49,Operations,Coordinator,Bachelor,Haldwani,55241.0,6.7,5,5,No,5.0,14.6,8,0,4.92,1,0,0.0
EMP1152,Employee_1152,30,IT,Executive,Bachelor,Dehradun,41664.0,9.0,5,1,No,5.0,22.4,8,0,4.94,1,0,14.49
EMP1153,Employee_1153,28,Operations,Executive,Bachelor,Dehradun,61580.0,3.9,2,3,Yes,2.78,33.8,5,0,3.18,0,1,55.35
EMP1154,Employee_1154,52,IT,Coordinator,Bachelor,Dehradun,34830.0,2.7,1,5,No,5.0,21.2,8,0,4.83,1,0,16.66
EMP1155,Employee_1155,23,HR,Manager,Master,Jaipur,63216.0,12.4,1,3,No,4.57,26.1,8,0,4.94,1,0,9.08
EMP1156,Employee_1156,54,Finance,Developer,Bachelor,Delhi,64141.0,6.1,5,3,Yes,5.0,36.2,11,0,5.0,1,0,12.56
EMP1157,Employee_1157,51,Sales,Specialist,Bachelor,Lucknow,18000.0,8.6,4,3,No,5.0,25.1,8,0,5.0,1,0,4.43
EMP1158,Employee_1158,60,Finance,Developer,PhD,Jaipur,78187.0,5.7,4,5,No,5.0,33.2,5,0,5.0,1,0,0.0
EMP1159,Employee_1159,47,Finance,Executive,Bachelor,Delhi,18000.0,2.7,2,1,Yes,3.49,52.3,6,0,3.8,0,0,44.61
EMP1160,Employee_1160,55,Marketing,Specialist,Bachelor,Haldwani,38447.0,5.2,4,5,No,5.0,27.6,6,0,5.0,1,0,0.0
EMP1161,Employee_1161,25,Operations,Analyst,Master,Haldwani,74558.0,11.2,1,5,No,5.0,46.5,7,0,5.0,1,0,13.07
EMP1162,Employee_1162,56,Finance,Manager,Bachelor,Noida,45020.0,7.5,4,5,No,5.0,37.8,5,0,5.0,1,0,13.48
EMP1163,Employee_1163,27,HR,Coordinator,Bachelor,Lucknow,19744.0,0.2,3,3,Yes,3.51,9.5,5,0,3.74,0,0,12.94
EMP1164,Employee_1164,33,HR,Coordinator,Bachelor,Noida,27938.0,4.3,2,3,No,3.99,14.6,3,1,4.09,0,1,52.25
EMP1165,Employee_1165,26,HR,Developer,Master,Noida,74592.0,12.7,4,2,No,5.0,18.3,7,0,5.0,1,0,11.17
EMP1166,Employee_1166,37,Marketing,Specialist,Bachelor,Noida,18000.0,4.3,4,2,Yes,5.0,18.0,3,1,5.0,1,0,67.64
EMP1167,Employee_1167,50,IT,Manager,Bachelor,Lucknow,76838.0,0.2,3,5,No,5.0,28.7,6,0,5.0,1,0,4.35
EMP1168,Employee_1168,31,IT,Developer,Bachelor,Haldwani,50788.0,13.2,1,3,Yes,4.77,38.6,6,0,4.9,1,0,27.06
EMP1169,Employee_1169,53,HR,Executive,Bachelor,Noida,25767.0,8.1,1,4,Yes,4.34,47.6,2,1,4.44,1,0,64.73
EMP1170,Employee_1170,45,Sales,Developer,Master,Jaipur,39171.0,4.9,5,1,No,5.0,34.3,5,0,4.79,1,0,10.52
EMP1171,Employee_1171,46,Sales,Manager,Bachelor,Lucknow,29621.0,3.6,2,4,No,4.66,23.8,6,0,4.83,1,0,9.28
EMP1172,Employee_1172,58,Sales,Coordinator,Master,Jaipur,71057.0,9.7,2,4,No,4.97,5.0,8,0,5.0,1,1,20.18
EMP1173,Employee_1173,38,Marketing,Executive,Master,Lucknow,68113.0,2.9,4,5,No,5.0,31.0,8,0,5.0,1,0,0.0
EMP1174,Employee_1174,34,Marketing,Specialist,Master,Noida,18000.0,10.0,2,1,No,4.04,30.4,10,0,4.34,1,0,17.93
EMP1175,Employee_1175,60,Marketing,Coordinator,Bachelor,Lucknow,43121.0,7.5,2,3,Yes,4.43,32.6,11,1,4.96,1,0,73.83
EMP1176,Employee_1176,43,HR,Coordinator,Master,Dehradun,33010.0,6.2,4,3,Yes,5.0,59.5,4,1,5.0,1,0,45.99
EMP1177,Employee_1177,45,Marketing,Developer,Master,Dehradun,80457.0,5.8,3,3,Yes,5.0,47.4,10,0,5.0,1,0,13.77
EMP1178,Employee_1178,32,Sales,Executive,Bachelor,Noida,22298.0,4.5,4,1,No,4.99,41.0,7,0,5.0,1,0,23.2
EMP1179,Employee_1179,29,Operations,Analyst,Master,Jaipur,87293.0,9.6,1,3,Yes,5.0,16.5,9,0,5.0,1,1,29.29
EMP1180,Employee_1180,27,Finance,Coordinator,Master,Haldwani,51268.0,1.6,3,2,Yes,4.71,22.8,3,0,4.8,0,0,29.18
EMP1181,Employee_1181,29,Operations,Coordinator,Bachelor,Noida,26437.0,0.2,3,4,Yes,3.2,28.7,5,1,3.06,0,0,43.86
EMP1182,Employee_1182,28,Sales,Manager,Master,Noida,37100.0,7.8,4,2,No,5.0,19.1,6,0,5.0,1,0,6.83
EMP1183,Employee_1183,50,HR,Executive,Bachelor,Dehradun,34364.0,7.9,1,3,No,4.56,37.0,4,0,4.96,1,0,14.17
EMP1184,Employee_1184,23,Marketing,Executive,Master,Haldwani,23958.0,7.2,1,4,No,4.76,35.0,4,0,5.0,1,0,16.81
EMP1185,Employee_1185,46,HR,Developer,PhD,Noida,54086.0,6.9,4,1,No,5.0,14.8,6,0,5.0,1,0,16.53
EMP1186,Employee_1186,58,HR,Manager,Bachelor,Haldwani,24986.0,3.9,4,4,No,5.0,46.8,4,0,5.0,1,0,0.0
EMP1187,Employee_1187,51,Sales,Executive,Master,Noida,18000.0,8.5,5,4,Yes,5.0,31.4,9,0,5.0,1,0,15.1
EMP1188,Employee_1188,37,HR,Specialist,Bachelor,Dehradun,43647.0,5.0,2,1,No,4.58,5.8,7,0,4.77,0,1,20.81
EMP1189,Employee_1189,23,IT,Manager,Master,Jaipur,18000.0,3.2,5,1,Yes,4.68,29.3,5,0,4.53,1,0,32.3
EMP1190,Employee_1190,54,IT,Executive,Master,Noida,35452.0,3.9,2,5,No,4.4,33.9,4,0,4.67,1,0,15.81
EMP1191,Employee_1191,21,Marketing,Executive,Bachelor,Delhi,32000.0,13.7,4,2,No,5.0,43.6,11,0,5.0,1,0,24.87
EMP1192,Employee_1192,48,Finance,Developer,Bachelor,Noida,32833.0,0.2,1,5,No,3.91,25.3,9,0,4.2,0,0,15.04
EMP1193,Employee_1193,47,Finance,Specialist,Bachelor,Haldwani,96021.0,7.3,5,3,Yes,5.0,41.6,3,0,5.0,1,0,10.29
EMP1194,Employee_1194,28,HR,Specialist,Bachelor,Delhi,53241.0,0.2,2,2,No,2.97,32.6,9,0,3.35,0,1,49.75
EMP1195,Employee_1195,50,Operations,Developer,Bachelor,Dehradun,57398.0,4.7,5,2,No,5.0,11.6,4,0,5.0,1,0,13.36
EMP1196,Employee_1196,28,Sales,Analyst,Bachelor,Delhi,18000.0,3.4,2,4,No,4.12,10.2,3,0,4.44,0,1,17.17
EMP1197,Employee_1197,30,HR,Coordinator,Bachelor,Haldwani,37613.0,0.2,4,1,No,4.16,45.7,5,0,3.74,0,0,15.13
EMP1198,Employee_1198,53,Sales,Developer,Bachelor,Lucknow,56737.0,6.8,3,3,No,5.0,46.7,3,0,5.0,1,0,0.0
EMP1199,Employee_1199,60,HR,Analyst,Master,Jaipur,29460.0,3.6,1,2,Yes,4.27,34.5,5,1,4.78,0,0,71.82
EMP1200,Employee_1200,31,Operations,Developer,Master,Noida,71977.0,0.2,1,1,No,3.81,50.9,5,1,4.56,0,0,66.31
EMP1201,Employee_1201,57,HR,Executive,Master,Jaipur,25541.0,8.7,4,2,No,4.16,44.8,2,0,4.55,1,0,21.92
EMP1202,Employee_1202,57,Operations,Analyst,Bachelor,Dehradun,45700.0,11.2,1,3,Yes,5.0,39.6,7,1,5.0,1,0,65.4
EMP1203,Employee_1203,51,HR,Manager,Master,Lucknow,39107.0,11.5,2,4,No,4.59,17.2,8,0,4.82,1,1,19.07
EMP1204,Employee_1204,26,Marketing,Coordinator,Master,Haldwani,55615.0,6.7,3,1,No,5.0,54.2,3,1,5.0,1,0,55.06
EMP1205,Employee_1205,32,HR,Specialist,Bachelor,Lucknow,37909.0,5.4,2,5,No,5.0,37.5,4,0,5.0,1,0,16.33
EMP1206,Employee_1206,48,IT,Specialist,Bachelor,Lucknow,46040.0,10.8,1,5,No,5.0,24.6,4,1,5.0,1,0,45.93
EMP1207,Employee_1207,60,Marketing,Manager,Master,Haldwani,46805.0,12.3,4,4,No,5.0,20.6,10,0,5.0,1,0,0.98
EMP1208,Employee_1208,53,Operations,Executive,Bachelor,Dehradun,35843.0,10.0,4,5,No,5.0,33.6,8,0,5.0,1,0,6.04
EMP1209,Employee_1209,37,IT,Developer,Bachelor,Haldwani,62672.0,1.2,4,3,No,4.72,6.6,7,0,4.57,1,0,2.65
EMP1210,Employee_1210,30,Marketing,Coordinator,PhD,Lucknow,57245.0,6.0,5,5,Yes,5.0,39.8,4,0,5.0,1,0,18.74
EMP1211,Employee_1211,59,IT,Executive,Bachelor,Jaipur,50050.0,7.0,1,4,No,4.54,16.7,10,0,4.76,1,1,12.69
EMP1212,Employee_1212,32,Marketing,Coordinator,Bachelor,Jaipur,42530.0,0.2,3,3,No,3.19,35.2,5,1,3.32,0,0,33.99
EMP1213,Employee_1213,34,Marketing,Specialist,PhD,Dehradun,69524.0,7.2,2,1,Yes,5.0,22.7,5,0,5.0,1,0,44.41
EMP1214,Employee_1214,59,HR,Analyst,Master,Haldwani,46812.0,14.7,5,3,No,5.0,26.3,6,0,5.0,1,0,0.0
EMP1215,Employee_1215,43,Marketing,Specialist,Bachelor,Delhi,45253.0,7.9,3,5,Yes,5.0,19.4,5,0,5.0,1,0,20.84
EMP1216,Employee_1216,31,IT,Coordinator,Master,Lucknow,54303.0,11.4,1,5,No,4.92,27.7,10,0,4.9,1,0,3.26
EMP1217,Employee_1217,21,Sales,Executive,Master,Jaipur,89325.0,6.0,4,3,No,5.0,56.5,5,0,4.98,1,0,0.15
EMP1218,Employee_1218,38,Sales,Executive,Master,Delhi,22512.0,4.9,1,2,No,3.42,49.4,7,1,3.96,1,0,64.6
EMP1219,Employee_1219,60,HR,Manager,Master,Haldwani,68937.0,6.8,2,4,No,3.47,35.0,4,0,3.33,1,0,8.14
EMP1220,Employee_1220,38,Operations,Coordinator,Bachelor,Jaipur,18000.0,1.8,4,1,No,4.88,29.6,4,0,5.0,1,0,18.36
EMP1221,Employee_1221,48,Sales,Executive,Bachelor,Jaipur,56780.0,1.2,3,1,No,4.56,41.8,3,0,5.0,0,0,11.38
EMP1222,Employee_1222,31,HR,Manager,Master,Noida,86652.0,10.5,4,3,No,5.0,45.8,4,0,5.0,1,0,0.0
EMP1223,Employee_1223,52,Marketing,Executive,Bachelor,Delhi,62751.0,11.0,3,5,No,5.0,18.4,6,0,5.0,1,0,9.24
EMP1224,Employee_1224,52,IT,Manager,Master,Jaipur,55754.0,1.0,5,2,Yes,5.0,28.9,4,0,5.0,1,0,35.05
EMP1225,Employee_1225,45,Marketing,Manager,Master,Jaipur,39670.0,9.3,3,3,Yes,4.32,5.0,10,0,5.0,1,0,17.87
EMP1226,Employee_1226,51,IT,Executive,Bachelor,Haldwani,52683.0,4.8,1,2,No,3.31,45.7,7,0,3.01,1,0,31.9
EMP1227,Employee_1227,44,Marketing,Specialist,Master,Jaipur,46455.0,6.6,1,3,Yes,3.9,58.9,4,1,4.08,1,0,64.18
EMP1228,Employee_1228,36,Finance,Coordinator,Bachelor,Delhi,34709.0,7.1,4,1,No,5.0,31.1,9,0,5.0,1,0,25.0
EMP1229,Employee_1229,50,Finance,Coordinator,Master,Haldwani,45623.0,9.4,1,3,No,4.4,5.0,7,0,4.44,1,1,19.01
EMP1230,Employee_1230,54,IT,Executive,Bachelor,Delhi,56364.0,5.5,2,3,No,4.38,38.5,10,0,4.99,1,0,11.25
EMP1231,Employee_1231,54,HR,Analyst,Master,Jaipur,35121.0,11.1,1,2,Yes,5.0,17.3,4,1,5.0,1,1,73.0
EMP1232,Employee_1232,29,Operations,Analyst,Master,Lucknow,34262.0,6.5,2,2,No,4.77,20.7,5,1,4.96,1,0,67.83
EMP1233,Employee_1233,48,Sales,Developer,Bachelor,Jaipur,22075.0,7.8,3,4,No,5.0,38.8,6,0,5.0,1,0,0.0
EMP1234,Employee_1234,21,Marketing,Executive,Master,Haldwani,60596.0,1.7,1,1,No,3.28,33.6,3,1,3.33,0,0,57.86
EMP1235,Employee_1235,43,HR,Coordinator,Master,Delhi,63997.0,14.3,3,1,Yes,4.83,23.2,7,0,4.89,1,0,32.14
EMP1236,Employee_1236,43,Marketing,Specialist,Master,Delhi,57097.0,7.2,5,1,No,3.85,20.9,7,0,4.11,1,0,13.65
EMP1237,Employee_1237,35,Finance,Specialist,Master,Noida,73234.0,8.2,1,5,Yes,5.0,31.8,4,1,4.99,1,0,67.65
EMP1238,Employee_1238,60,HR,Analyst,PhD,Lucknow,53933.0,0.2,1,2,No,3.98,24.3,6,1,4.41,0,0,67.21
EMP1239,Employee_1239,56,IT,Executive,Bachelor,Delhi,60624.0,1.7,2,1,No,3.76,14.5,3,0,4.03,0,1,26.96
EMP1240,Employee_1240,22,Finance,Coordinator,Bachelor,Jaipur,58684.0,10.4,5,5,No,5.0,25.3,4,0,5.0,1,0,3.16
EMP1241,Employee_1241,29,Sales,Analyst,Bachelor,Dehradun,49986.0,6.4,3,1,No,5.0,34.8,5,0,4.93,1,0,12.51
EMP1242,Employee_1242,29,Finance,Manager,Master,Noida,40322.0,0.2,4,2,No,3.63,27.5,6,0,3.41,0,0,12.84
EMP1243,Employee_1243,56,Sales,Coordinator,Master,Dehradun,100711.0,9.6,1,1,Yes,3.76,10.2,2,1,3.83,0,1,77.34
EMP1244,Employee_1244,41,Finance,Executive,Bachelor,Noida,42057.0,2.9,4,4,No,4.64,43.8,3,0,5.0,1,0,5.65
EMP1245,Employee_1245,50,Finance,Executive,Bachelor,Noida,37351.0,11.1,1,4,No,5.0,5.0,10,0,5.0,1,1,13.6
EMP1246,Employee_1246,53,Sales,Executive,Master,Delhi,61548.0,4.8,4,4,No,5.0,23.8,3,0,5.0,1,0,6.86
EMP1247,Employee_1247,51,Marketing,Executive,Bachelor,Haldwani,57541.0,6.1,1,2,Yes,2.6,21.3,3,0,2.84,0,1,73.92
EMP1248,Employee_1248,24,HR,Executive,Master,Lucknow,21095.0,10.2,5,2,Yes,4.81,32.1,10,0,5.0,1,0,26.31
EMP1249,Employee_1249,26,Marketing,Specialist,Bachelor,Jaipur,76699.0,1.4,2,5,Yes,4.77,37.9,11,0,4.74,1,0,15.4
EMP1250,Employee_1250,36,Sales,Manager,PhD,Dehradun,49928.0,1.0,1,5,No,4.15,45.8,7,0,4.78,1,0,20.22
EMP1251,Employee_1251,34,IT,Coordinator,Bachelor,Jaipur,27560.0,4.4,2,1,No,3.17,20.0,7,0,3.31,0,0,28.29
EMP1252,Employee_1252,50,HR,Specialist,Bachelor,Jaipur,78153.0,8.7,1,4,Yes,5.0,38.2,6,0,5.0,1,0,25.67
EMP1253,Employee_1253,27,IT,Coordinator,Master,Jaipur,65765.0,0.2,1,5,No,4.63,32.7,11,0,4.93,1,0,12.06
EMP1254,Employee_1254,35,IT,Analyst,Master,Noida,24180.0,0.2,3,3,Yes,4.95,6.0,7,1,5.0,0,0,47.93
EMP1255,Employee_1255,30,Finance,Analyst,Bachelor,Jaipur,91098.0,8.7,2,4,No,4.71,56.6,6,0,4.84,1,0,21.49
EMP1256,Employee_1256,28,Sales,Coordinator,Bachelor,Haldwani,66494.0,2.7,2,1,No,4.47,9.9,4,0,4.14,0,1,30.8
EMP1257,Employee_1257,27,Marketing,Analyst,Master,Delhi,51776.0,3.6,5,1,No,4.82,35.9,8,0,5.0,1,0,21.42
EMP1258,Employee_1258,28,Sales,Executive,Master,Dehradun,86985.0,0.2,1,1,No,3.22,35.5,8,0,2.97,0,0,32.47
EMP1259,Employee_1259,43,IT,Specialist,Bachelor,Lucknow,55505.0,2.3,2,1,No,4.36,33.9,4,0,4.48,0,0,28.45
EMP1260,Employee_1260,37,Finance,Specialist,Bachelor,Delhi,51382.0,5.2,1,5,No,3.68,23.1,2,0,4.1,0,0,13.05
EMP1261,Employee_1261,38,Marketing,Coordinator,Master,Noida,37473.0,9.1,3,4,Yes,5.0,41.6,14,0,5.0,1,0,17.81
EMP1262,Employee_1262,40,IT,Coordinator,Master,Lucknow,64801.0,2.0,2,4,No,4.79,8.2,3,0,5.0,0,1,19.1
EMP1263,Employee_1263,50,IT,Executive,Master,Delhi,62485.0,12.2,1,2,No,5.0,29.1,4,0,5.0,1,0,34.98
EMP1264,Employee_1264,55,Operations,Specialist,Master,Noida,52323.0,2.3,1,5,No,3.83,22.1,4,0,4.58,0,0,13.69
EMP1265,Employee_1265,42,Operations,Coordinator,Bachelor,Dehradun,34620.0,2.3,5,1,Yes,4.34,20.5,5,0,4.35,0,0,30.88
EMP1266,Employee_1266,46,Finance,Specialist,Master,Haldwani,54858.0,11.7,1,5,Yes,4.52,36.0,5,0,4.84,1,0,32.92
EMP1267,Employee_1267,50,HR,Specialist,Master,Dehradun,50464.0,6.1,4,1,No,5.0,45.1,3,0,5.0,1,0,13.08
EMP1268,Employee_1268,48,HR,Coordinator,Master,Jaipur,22664.0,2.9,5,1,No,5.0,25.2,3,0,5.0,1,0,9.33
EMP1269,Employee_1269,26,Finance,Developer,Bachelor,Delhi,19620.0,4.5,3,1,No,4.13,40.9,6,0,4.37,1,0,10.97
EMP1270,Employee_1270,60,Finance,Executive,Bachelor,Jaipur,64433.0,10.9,2,4,No,4.66,30.7,4,0,5.0,1,0,13.79
EMP1271,Employee_1271,27,IT,Developer,Master,Lucknow,18000.0,11.4,4,2,No,4.73,17.5,8,0,4.79,1,0,18.31
EMP1272,Employee_1272,37,Sales,Analyst,Bachelor,Jaipur,56519.0,1.8,5,3,No,5.0,26.4,5,0,5.0,1,0,6.29
EMP1273,Employee_1273,47,Sales,Executive,PhD,Jaipur,41482.0,5.0,1,3,No,3.97,25.8,3,0,4.27,0,0,8.22
EMP1274,Employee_1274,37,Operations,Executive,Bachelor,Dehradun,80781.0,5.6,5,4,Yes,5.0,20.2,2,0,5.0,1,0,12.01
EMP1275,Employee_1275,30,HR,Specialist,Master,Jaipur,41144.0,1.1,5,2,Yes,5.0,36.0,6,0,5.0,1,0,28.21
EMP1276,Employee_1276,57,HR,Manager,Master,Haldwani,66509.0,5.0,1,1,Yes,3.74,33.3,6,1,4.03,0,0,83.97
EMP1277,Employee_1277,23,HR,Manager,Bachelor,Jaipur,43268.0,5.2,1,2,No,4.96,7.7,8,1,5.0,1,1,62.36
EMP1278,Employee_1278,30,Marketing,Specialist,Bachelor,Jaipur,54502.0,10.0,4,2,No,5.0,6.9,6,0,5.0,1,0,12.85
EMP1279,Employee_1279,60,Sales,Manager,Master,Haldwani,68210.0,10.3,1,4,No,5.0,35.9,8,0,5.0,1,0,7.94
EMP1280,Employee_1280,50,Sales,Manager,Master,Noida,41824.0,3.8,4,4,No,5.0,18.6,2,0,5.0,1,1,2.42
EMP1281,Employee_1281,24,IT,Executive,Bachelor,Delhi,73924.0,4.3,1,1,No,2.56,34.2,3,1,2.32,0,1,84.19
EMP1282,Employee_1282,51,HR,Coordinator,Master,Delhi,30139.0,8.0,4,4,No,5.0,40.9,4,0,5.0,1,0,0.0
EMP1283,Employee_1283,59,Marketing,Developer,PhD,Noida,58481.0,2.7,2,1,No,3.87,12.2,8,1,3.73,0,1,63.7
EMP1284,Employee_1284,24,HR,Executive,Bachelor,Lucknow,72298.0,7.7,1,4,No,5.0,10.2,5,0,5.0,1,1,20.63
EMP1285,Employee_1285,37,HR,Specialist,Bachelor,Haldwani,66521.0,4.8,1,2,No,3.51,53.4,8,1,4.01,1,0,59.98
EMP1286,Employee_1286,39,Operations,Specialist,Bachelor,Noida,94162.0,1.1,1,2,No,3.62,34.9,5,0,4.04,0,0,25.79
EMP1287,Employee_1287,26,Sales,Executive,Bachelor,Dehradun,35204.0,1.2,3,3,No,4.09,24.1,6,0,3.83,0,0,6.26
EMP1288,Employee_1288,29,Finance,Analyst,Bachelor,Haldwani,21659.0,11.3,1,2,No,5.0,16.9,7,0,5.0,1,1,30.38
EMP1289,Employee_1289,27,Finance,Executive,Bachelor,Haldwani,30125.0,4.5,5,4,No,5.0,22.9,10,0,5.0,1,0,3.35
EMP1290,Employee_1290,28,HR,Analyst,Master,Jaipur,66530.0,12.1,4,5,No,5.0,13.3,8,0,5.0,1,0,2.01
EMP1291,Employee_1291,37,Marketing,Executive,Bachelor,Lucknow,62954.0,3.0,2,5,No,5.0,42.4,3,0,5.0,1,0,14.82
EMP1292,Employee_1292,39,IT,Specialist,PhD,Haldwani,54250.0,6.4,5,3,No,5.0,19.1,5,0,4.95,1,0,0.0
EMP1293,Employee_1293,30,Operations,Manager,Bachelor,Jaipur,27295.0,15.2,4,3,No,5.0,45.3,6,0,4.76,1,0,4.16
EMP1294,Employee_1294,32,IT,Coordinator,Bachelor,Noida,68871.0,0.8,4,3,No,4.02,24.4,4,0,4.38,0,0,5.81
EMP1295,Employee_1295,28,Finance,Specialist,Master,Jaipur,25056.0,0.2,1,4,No,3.68,15.4,4,0,3.67,0,1,20.42
EMP1296,Employee_1296,52,Finance,Manager,Master,Noida,77497.0,10.6,4,3,Yes,5.0,24.0,7,0,4.76,1,0,9.07
EMP1297,Employee_1297,29,Operations,Manager,Bachelor,Delhi,114864.0,1.7,3,3,No,5.0,5.0,5,0,5.0,0,0,6.52
EMP1298,Employee_1298,57,HR,Executive,Bachelor,Noida,60062.0,5.1,5,3,No,5.0,28.3,5,0,5.0,1,0,0.0
EMP1299,Employee_1299,42,IT,Executive,Bachelor,Delhi,64828.0,2.7,3,2,No,3.59,27.6,7,0,3.49,0,0,11.22
EMP1300,Employee_1300,53,Sales,Manager,Master,Delhi,41157.0,6.3,4,3,Yes,5.0,41.5,5,0,5.0,1,0,14.15
EMP1301,Employee_1301,46,HR,Executive,Bachelor,Jaipur,18000.0,1.2,2,4,No,3.55,5.0,4,0,3.42,0,1,19.16
EMP1302,Employee_1302,31,Marketing,Executive,Bachelor,Lucknow,38740.0,4.4,1,3,No,4.21,46.3,3,0,4.46,1,0,17.7
EMP1303,Employee_1303,45,Sales,Analyst,Bachelor,Dehradun,27956.0,7.1,1,5,No,3.81,41.5,4,0,3.73,1,0,13.72
EMP1304,Employee_1304,31,Operations,Coordinator,Bachelor,Jaipur,20166.0,1.0,5,5,Yes,5.0,47.5,9,0,5.0,1,0,19.19
EMP1305,Employee_1305,25,Finance,Developer,PhD,Delhi,89892.0,2.3,4,3,No,5.0,29.3,11,0,5.0,1,0,0.7
EMP1306,Employee_1306,31,Sales,Specialist,Master,Dehradun,58003.0,3.7,2,5,No,5.0,44.2,6,0,4.89,1,0,12.14
EMP1307,Employee_1307,32,IT,Developer,Bachelor,Lucknow,60353.0,0.2,4,1,No,5.0,9.4,5,0,5.0,0,0,11.46
EMP1308,Employee_1308,26,Finance,Analyst,Bachelor,Dehradun,45202.0,3.4,1,5,No,4.38,40.0,5,0,4.49,1,0,17.05
EMP1309,Employee_1309,21,IT,Developer,Bachelor,Lucknow,48197.0,5.7,1,2,Yes,4.68,19.2,4,0,4.69,1,1,44.59
EMP1310,Employee_1310,58,Sales,Executive,Bachelor,Jaipur,73220.0,3.5,3,3,No,3.9,6.9,7,0,4.27,0,0,0.0
EMP1311,Employee_1311,41,Finance,Specialist,Master,Delhi,51289.0,4.1,4,2,Yes,4.35,14.3,6,0,4.95,1,0,34.24
EMP1312,Employee_1312,37,Marketing,Analyst,Master,Delhi,63675.0,5.1,5,3,No,5.0,30.1,6,0,5.0,1,0,0.0
EMP1313,Employee_1313,58,Sales,Developer,Master,Jaipur,47688.0,2.4,4,2,No,3.38,18.5,7,0,3.26,0,0,22.96
EMP1314,Employee_1314,29,IT,Coordinator,PhD,Haldwani,44473.0,8.1,2,4,No,5.0,35.3,6,0,5.0,1,0,7.99
EMP1315,Employee_1315,37,IT,Manager,PhD,Haldwani,21048.0,11.2,5,1,Yes,4.98,5.0,4,0,4.59,1,0,29.1
EMP1316,Employee_1316,54,Finance,Developer,PhD,Noida,18000.0,3.2,3,5,Yes,5.0,5.0,7,0,5.0,1,0,11.5
EMP1317,Employee_1317,46,Marketing,Manager,Bachelor,Noida,46246.0,7.2,5,5,Yes,5.0,49.2,3,0,4.83,1,0,10.12
EMP1318,Employee_1318,36,Marketing,Specialist,Bachelor,Lucknow,53243.0,4.2,1,3,Yes,4.53,42.7,8,0,4.62,1,0,27.57
EMP1319,Employee_1319,31,Operations,Analyst,Bachelor,Haldwani,23705.0,6.7,1,3,No,4.45,15.3,8,0,4.63,1,1,23.85
EMP1320,Employee_1320,22,Marketing,Manager,Master,Delhi,51242.0,11.8,1,4,Yes,5.0,30.0,6,0,5.0,1,0,30.72
EMP1321,Employee_1321,24,IT,Coordinator,Bachelor,Haldwani,53183.0,7.3,5,1,No,5.0,44.3,6,0,5.0,1,0,11.04
EMP1322,Employee_1322,27,Sales,Manager,Master,Lucknow,18000.0,0.2,1,4,Yes,3.63,35.9,1,1,4.17,0,0,55.86
EMP1323,Employee_1323,52,Finance,Developer,Master,Delhi,31867.0,7.1,5,2,Yes,5.0,32.1,7,0,5.0,1,0,21.39
EMP1324,Employee_1324,46,Operations,Executive,Master,Noida,60960.0,10.4,4,4,No,5.0,45.3,7,0,5.0,1,0,0.0
EMP1325,Employee_1325,38,Operations,Analyst,Bachelor,Lucknow,60515.0,4.3,1,2,Yes,4.28,19.8,10,1,4.2,1,1,76.83
EMP1326,Employee_1326,52,IT,Coordinator,Bachelor,Haldwani,26619.0,9.4,5,4,No,5.0,30.4,5,0,5.0,1,0,0.0
EMP1327,Employee_1327,27,IT,Manager,Bachelor,Delhi,55486.0,2.3,1,4,No,5.0,29.8,4,0,4.98,1,0,3.64
EMP1328,Employee_1328,29,Sales,Analyst,Master,Delhi,74493.0,0.2,1,2,No,3.23,26.2,3,1,3.81,0,0,64.54
EMP1329,Employee_1329,36,Sales,Developer,Master,Haldwani,69096.0,5.8,3,4,No,5.0,24.5,3,0,5.0,1,0,5.14
EMP1330,Employee_1330,57,Finance,Manager,Master,Noida,49904.0,0.2,2,3,Yes,3.86,31.0,8,1,4.23,0,0,73.11
EMP1331,Employee_1331,45,Finance,Manager,Bachelor,Jaipur,41705.0,4.2,2,2,No,4.48,30.5,5,0,4.94,1,0,20.53
EMP1332,Employee_1332,55,HR,Specialist,Bachelor,Haldwani,38154.0,10.6,1,3,No,5.0,15.3,7,1,4.4,1,1,45.99
EMP1333,Employee_1333,30,IT,Analyst,Bachelor,Jaipur,62292.0,0.2,4,5,No,5.0,41.2,7,0,5.0,1,0,0.0
EMP1334,Employee_1334,54,Marketing,Manager,Master,Dehradun,56292.0,0.2,1,1,Yes,4.18,16.3,3,1,4.57,0,1,80.73
EMP1335,Employee_1335,23,HR,Developer,Master,Noida,65847.0,0.9,2,5,No,4.39,26.9,6,1,4.82,1,0,43.9
EMP1336,Employee_1336,30,Marketing,Coordinator,Bachelor,Delhi,54901.0,4.9,3,5,No,5.0,25.9,6,0,4.89,1,0,8.41
EMP1337,Employee_1337,41,Operations,Executive,PhD,Haldwani,70013.0,3.7,3,3,Yes,5.0,35.0,4,0,5.0,1,0,15.22
EMP1338,Employee_1338,23,IT,Executive,Bachelor,Dehradun,54081.0,11.1,4,4,No,5.0,5.0,6,0,4.48,1,0,0.0
EMP1339,Employee_1339,55,IT,Developer,Master,Noida,69263.0,9.2,2,2,Yes,4.52,42.5,7,1,4.9,1,0,87.96
EMP1340,Employee_1340,55,Operations,Manager,Bachelor,Noida,71158.0,7.3,4,1,No,5.0,20.5,8,0,4.73,1,0,14.92
EMP1341,Employee_1341,42,Finance,Specialist,Bachelor,Dehradun,34300.0,5.8,4,3,Yes,4.84,47.1,6,0,5.0,1,0,17.0
EMP1342,Employee_1342,33,IT,Developer,Master,Delhi,18000.0,6.9,2,5,No,5.0,23.3,5,0,5.0,1,0,11.25
EMP1343,Employee_1343,24,Finance,Coordinator,Bachelor,Haldwani,85957.0,1.6,2,2,Yes,3.6,29.3,6,1,3.69,0,0,73.15
EMP1344,Employee_1344,45,Finance,Developer,Bachelor,Jaipur,57646.0,8.8,3,4,No,5.0,56.8,9,0,5.0,1,0,0.0
EMP1345,Employee_1345,42,Operations,Executive,Bachelor,Dehradun,18000.0,0.5,3,4,Yes,5.0,26.1,2,1,5.0,0,0,60.93
EMP1346,Employee_1346,51,IT,Executive,Bachelor,Noida,36296.0,8.7,1,4,No,4.37,47.3,5,0,4.69,1,0,18.17
EMP1347,Employee_1347,45,Operations,Coordinator,Master,Dehradun,68981.0,10.2,3,2,Yes,5.0,30.5,6,0,4.93,1,0,31.37
EMP1348,Employee_1348,26,Operations,Executive,Master,Lucknow,45847.0,6.1,1,2,No,4.32,35.8,9,1,4.75,1,0,60.12
EMP1349,Employee_1349,25,IT,Coordinator,Master,Noida,40735.0,4.5,3,3,Yes,4.6,31.0,6,0,4.4,1,0,19.56
EMP1350,Employee_1350,52,Sales,Analyst,Bachelor,Jaipur,82819.0,6.9,5,5,Yes,5.0,41.9,5,0,4.79,1,0,8.21
EMP1351,Employee_1351,27,Finance,Executive,Master,Dehradun,28960.0,0.2,3,5,Yes,5.0,20.4,4,0,5.0,1,0,7.16
EMP1352,Employee_1352,58,Sales,Analyst,Bachelor,Delhi,34441.0,6.5,4,3,Yes,5.0,16.2,6,0,5.0,1,0,12.21
EMP1353,Employee_1353,25,IT,Manager,Bachelor,Haldwani,56651.0,4.7,2,5,Yes,5.0,21.1,3,1,5.0,1,0,74.77
EMP1354,Employee_1354,50,HR,Developer,Bachelor,Haldwani,60590.0,5.0,5,3,No,5.0,31.4,5,0,5.0,1,0,9.49
EMP1355,Employee_1355,60,Operations,Specialist,PhD,Jaipur,62920.0,8.2,5,2,No,5.0,26.9,7,0,5.0,1,0,12.74
EMP1356,Employee_1356,38,Operations,Manager,Master,Jaipur,72047.0,4.9,5,1,Yes,5.0,39.9,4,0,5.0,1,0,26.63
EMP1357,Employee_1357,23,Sales,Developer,Master,Jaipur,56369.0,0.4,4,4,No,4.78,48.3,2,0,5.0,1,0,0.0
EMP1358,Employee_1358,56,Operations,Manager,Bachelor,Haldwani,62766.0,4.6,4,4,No,5.0,16.3,7,0,5.0,1,0,0.39
EMP1359,Employee_1359,28,Sales,Coordinator,Bachelor,Noida,46297.0,5.5,3,5,Yes,4.8,19.7,7,0,5.0,1,0,15.81
EMP1360,Employee_1360,42,Marketing,Developer,Master,Noida,53379.0,5.7,5,4,No,5.0,9.9,8,0,5.0,1,0,3.95
EMP1361,Employee_1361,60,Operations,Executive,Master,Delhi,54366.0,5.9,5,1,Yes,5.0,58.4,2,0,5.0,1,0,34.55
EMP1362,Employee_1362,50,Operations,Developer,Bachelor,Noida,56732.0,9.6,3,3,Yes,5.0,34.3,4,0,5.0,1,0,14.01
EMP1363,Employee_1363,22,IT,Coordinator,Bachelor,Noida,68996.0,0.6,1,4,No,3.57,36.7,5,0,3.34,0,0,17.78
EMP1364,Employee_1364,53,Operations,Analyst,Bachelor,Delhi,64213.0,5.9,1,3,No,3.86,11.2,5,0,3.53,0,1,11.5
EMP1365,Employee_1365,27,Sales,Coordinator,PhD,Dehradun,52973.0,10.6,2,3,No,4.42,30.0,13,0,4.72,1,0,17.69
EMP1366,Employee_1366,50,Finance,Manager,Bachelor,Haldwani,34199.0,0.2,1,5,No,4.64,37.1,9,0,4.87,1,0,12.46
EMP1367,Employee_1367,45,HR,Manager,PhD,Noida,53489.0,6.0,2,4,No,4.02,26.5,8,0,4.39,1,0,17.3
EMP1368,Employee_1368,32,IT,Analyst,Bachelor,Jaipur,51384.0,2.7,1,4,Yes,4.03,45.1,4,1,4.28,1,0,66.89
EMP1369,Employee_1369,37,Sales,Coordinator,Master,Noida,56250.0,3.6,5,3,No,4.08,62.4,4,0,4.54,1,0,0.34
EMP1370,Employee_1370,25,Marketing,Executive,Bachelor,Jaipur,100544.0,1.4,1,2,Yes,3.93,16.7,6,0,3.78,0,1,48.97
EMP1371,Employee_1371,60,HR,Analyst,Bachelor,Haldwani,40477.0,4.5,4,3,Yes,4.96,15.7,5,0,5.0,1,0,7.15
EMP1372,Employee_1372,30,Finance,Developer,Bachelor,Delhi,61290.0,12.9,2,5,Yes,4.74,17.7,6,0,4.57,1,1,24.68
EMP1373,Employee_1373,33,HR,Developer,Bachelor,Dehradun,75506.0,0.2,1,4,No,4.93,52.5,7,0,5.0,1,0,13.65
EMP1374,Employee_1374,41,HR,Developer,Master,Lucknow,54156.0,0.3,4,4,No,4.31,44.6,7,0,4.12,1,0,0.0
EMP1375,Employee_1375,47,Operations,Executive,Bachelor,Haldwani,103433.0,0.2,5,1,Yes,5.0,28.1,9,0,5.0,1,0,27.97
EMP1376,Employee_1376,41,Sales,Analyst,Master,Dehradun,43683.0,12.5,4,5,No,5.0,30.5,7,0,4.86,1,0,0.0
EMP1377,Employee_1377,41,Marketing,Executive,Bachelor,Haldwani,59130.0,3.3,5,2,No,5.0,18.6,8,0,5.0,1,0,21.55
EMP1378,Employee_1378,44,Marketing,Manager,Bachelor,Jaipur,34426.0,5.1,3,5,No,5.0,42.5,6,0,5.0,1,0,0.71
EMP1379,Employee_1379,55,HR,Developer,Master,Noida,44266.0,3.5,4,3,Yes,4.52,24.7,5,0,4.75,1,0,20.15
EMP1380,Employee_1380,36,IT,Manager,Bachelor,Delhi,57477.0,1.2,1,5,No,3.85,26.4,4,0,3.6,0,0,16.51
EMP1381,Employee_1381,54,Sales,Manager,PhD,Dehradun,70619.0,4.2,5,5,Yes,5.0,38.5,7,0,5.0,1,0,12.32
EMP1382,Employee_1382,52,Operations,Specialist,Master,Jaipur,59020.0,15.5,4,4,No,5.0,27.4,7,0,4.84,1,0,0.67
EMP1383,Employee_1383,59,Operations,Manager,Master,Lucknow,79701.0,11.0,2,5,Yes,5.0,26.7,6,0,4.77,1,0,33.65
EMP1384,Employee_1384,57,IT,Manager,Bachelor,Jaipur,49911.0,1.6,2,4,Yes,5.0,30.1,5,1,5.0,1,0,70.97
EMP1385,Employee_1385,52,Sales,Manager,Bachelor,Jaipur,44692.0,7.9,4,5,No,5.0,41.1,4,0,5.0,1,0,0.0
EMP1386,Employee_1386,30,Sales,Manager,PhD,Delhi,111488.0,1.7,1,1,Yes,3.6,53.1,6,1,4.01,0,0,71.76
EMP1387,Employee_1387,51,Sales,Manager,Bachelor,Dehradun,60673.0,0.2,5,1,Yes,5.0,38.2,5,0,5.0,1,0,21.41
EMP1388,Employee_1388,50,Marketing,Analyst,Bachelor,Delhi,36171.0,9.5,2,3,No,5.0,41.2,10,0,5.0,1,0,13.37
EMP1389,Employee_1389,32,Operations,Analyst,Bachelor,Delhi,36726.0,10.1,1,5,Yes,5.0,27.2,6,0,5.0,1,0,18.31
EMP1390,Employee_1390,48,Sales,Specialist,Master,Jaipur,31261.0,9.6,2,4,No,5.0,20.1,6,0,4.9,1,0,23.98
EMP1391,Employee_1391,31,Marketing,Developer,Master,Jaipur,72605.0,3.2,5,3,No,4.34,39.2,2,0,4.42,1,0,2.98
EMP1392,Employee_1392,41,IT,Manager,Master,Delhi,43984.0,4.5,2,3,Yes,3.87,32.4,5,0,3.74,1,0,26.82
EMP1393,Employee_1393,52,HR,Analyst,Master,Lucknow,54802.0,8.3,3,4,No,5.0,10.1,5,0,4.9,1,0,0.0
EMP1394,Employee_1394,28,Finance,Developer,Bachelor,Haldwani,50603.0,6.8,5,5,Yes,5.0,25.4,7,0,5.0,1,0,20.14
EMP1395,Employee_1395,34,Marketing,Manager,PhD,Delhi,68093.0,3.5,1,5,No,4.73,28.8,9,0,4.95,1,0,9.43
EMP1396,Employee_1396,52,Operations,Manager,Bachelor,Jaipur,33372.0,0.2,4,1,Yes,5.0,22.9,7,0,5.0,1,0,24.91
EMP1397,Employee_1397,39,Sales,Manager,Master,Jaipur,28337.0,5.7,2,3,Yes,3.87,50.7,4,0,3.8,1,0,26.17
EMP1398,Employee_1398,59,IT,Developer,Bachelor,Haldwani,56935.0,9.7,4,2,No,5.0,36.7,5,0,5.0,1,0,15.57
EMP1399,Employee_1399,21,IT,Coordinator,PhD,Lucknow,65221.0,0.2,1,4,No,4.3,49.2,6,0,4.23,1,0,18.1
EMP1400,Employee_1400,49,IT,Manager,Bachelor,Noida,59316.0,7.9,1,3,No,4.04,33.7,8,0,4.2,1,0,20.96
EMP1401,Employee_1401,53,Operations,Specialist,Bachelor,Lucknow,34192.0,6.6,4,5,No,5.0,31.1,6,0,5.0,1,0,5.22
EMP1402,Employee_1402,57,Marketing,Specialist,Bachelor,Noida,66905.0,8.4,5,3,No,5.0,16.9,7,0,5.0,1,0,0.0
EMP1403,Employee_1403,27,IT,Manager,Bachelor,Jaipur,35635.0,8.9,5,4,No,5.0,30.2,6,0,5.0,1,0,5.1
EMP1404,Employee_1404,60,Operations,Coordinator,Bachelor,Delhi,40526.0,2.3,4,1,No,5.0,30.2,5,0,5.0,1,0,11.65
EMP1405,Employee_1405,36,HR,Executive,Master,Dehradun,31233.0,0.2,3,5,No,4.07,10.9,7,0,4.11,0,0,0.0
EMP1406,Employee_1406,35,Finance,Coordinator,Bachelor,Jaipur,80625.0,3.0,1,1,No,3.63,22.4,6,0,3.46,0,0,26.64
EMP1407,Employee_1407,35,HR,Coordinator,PhD,Dehradun,65935.0,8.9,2,2,No,4.97,25.5,5,0,4.98,1,0,25.97
EMP1408,Employee_1408,46,Sales,Manager,Bachelor,Dehradun,65310.0,2.9,4,5,No,5.0,35.8,4,0,5.0,1,0,0.0
EMP1409,Employee_1409,47,Operations,Specialist,Master,Lucknow,79439.0,2.3,2,5,No,5.0,36.5,3,0,5.0,1,0,10.2
EMP1410,Employee_1410,39,Sales,Manager,Bachelor,Dehradun,113878.0,0.2,3,3,Yes,3.84,21.9,7,0,4.17,0,0,12.69
EMP1411,Employee_1411,23,IT,Analyst,Master,Haldwani,18000.0,12.6,1,3,No,5.0,36.6,4,0,5.0,1,0,18.1
EMP1412,Employee_1412,60,IT,Specialist,Master,Dehradun,35756.0,8.7,3,1,No,5.0,27.5,7,0,5.0,1,0,23.58
EMP1413,Employee_1413,29,IT,Analyst,Bachelor,Dehradun,38444.0,8.4,2,5,No,5.0,5.0,5,0,4.66,1,1,6.37
EMP1414,Employee_1414,24,Sales,Analyst,PhD,Jaipur,33282.0,9.3,1,1,No,2.85,23.2,8,1,3.2,1,1,78.56
EMP1415,Employee_1415,44,Sales,Manager,Bachelor,Dehradun,28293.0,7.6,1,1,No,3.33,45.1,8,0,3.46,1,0,26.04
EMP1416,Employee_1416,37,Marketing,Coordinator,Bachelor,Delhi,45408.0,4.2,3,3,No,5.0,6.5,6,0,5.0,1,0,3.83
EMP1417,Employee_1417,45,Operations,Developer,Master,Lucknow,25235.0,4.5,2,1,No,4.12,31.6,6,0,4.67,1,0,28.98
EMP1418,Employee_1418,56,Sales,Developer,Master,Jaipur,59371.0,3.4,1,1,Yes,1.79,52.2,0,1,1.95,0,1,96.38
EMP1419,Employee_1419,24,IT,Executive,Bachelor,Delhi,53137.0,16.3,3,4,No,5.0,19.4,5,0,4.9,1,0,3.58
EMP1420,Employee_1420,32,Finance,Executive,Bachelor,Lucknow,62583.0,7.5,1,4,No,4.85,30.0,5,1,5.0,1,0,54.78
EMP1421,Employee_1421,41,Operations,Executive,Master,Haldwani,63170.0,3.3,1,2,Yes,3.34,11.7,6,1,3.56,0,1,79.91
EMP1422,Employee_1422,52,Marketing,Executive,Master,Lucknow,65266.0,7.2,1,4,Yes,5.0,52.8,8,0,5.0,1,0,25.92
EMP1423,Employee_1423,45,Marketing,Coordinator,PhD,Delhi,43785.0,1.0,3,4,Yes,4.46,28.8,5,0,4.51,1,0,16.35
EMP1424,Employee_1424,36,Finance,Coordinator,Master,Jaipur,98665.0,11.5,5,2,No,5.0,30.7,6,0,5.0,1,0,13.83
EMP1425,Employee_1425,45,HR,Specialist,Master,Haldwani,57157.0,2.4,2,4,No,4.94,49.0,5,0,5.0,1,0,13.79
EMP1426,Employee_1426,60,IT,Executive,Bachelor,Jaipur,18000.0,7.3,2,3,No,5.0,39.3,4,0,5.0,1,0,12.44
EMP1427,Employee_1427,40,Operations,Executive,PhD,Noida,29948.0,9.7,2,5,No,5.0,17.7,15,0,4.88,1,1,19.62
EMP1428,Employee_1428,56,Marketing,Analyst,Bachelor,Jaipur,18000.0,6.8,2,1,No,4.55,20.9,6,1,4.84,1,0,66.25
EMP1429,Employee_1429,52,Sales,Manager,Master,Haldwani,52381.0,5.6,4,2,No,5.0,36.9,4,0,5.0,1,0,20.18
EMP1430,Employee_1430,33,Marketing,Developer,Bachelor,Delhi,49320.0,5.2,2,2,No,4.97,21.3,5,0,5.0,1,0,36.68
EMP1431,Employee_1431,30,Sales,Developer,Master,Jaipur,41695.0,5.0,4,2,No,4.22,5.0,11,0,4.44,1,0,17.29
EMP1432,Employee_1432,51,Marketing,Analyst,Master,Lucknow,96240.0,2.8,5,5,Yes,5.0,29.3,6,0,4.73,1,0,12.47
EMP1433,Employee_1433,29,Marketing,Specialist,Bachelor,Dehradun,64078.0,3.3,5,4,No,5.0,9.3,6,0,5.0,1,0,5.2
EMP1434,Employee_1434,34,Sales,Analyst,Master,Haldwani,67974.0,11.4,3,3,No,5.0,52.6,8,0,5.0,1,0,2.33
EMP1435,Employee_1435,30,HR,Executive,Bachelor,Noida,31516.0,4.7,4,3,No,5.0,32.5,6,1,5.0,1,0,48.02
EMP1436,Employee_1436,45,Sales,Specialist,Master,Haldwani,30019.0,1.9,5,5,No,5.0,17.3,10,0,5.0,1,0,1.55
EMP1437,Employee_1437,32,Finance,Coordinator,Bachelor,Jaipur,52810.0,3.0,4,3,No,5.0,20.2,11,0,4.75,1,0,3.49
EMP1438,Employee_1438,47,Operations,Executive,Bachelor,Jaipur,55806.0,9.8,2,2,Yes,2.63,5.0,5,0,3.04,0,1,66.45
EMP1439,Employee_1439,58,Sales,Developer,Bachelor,Dehradun,18000.0,8.0,1,1,No,4.17,14.6,5,0,4.41,1,1,29.5
EMP1440,Employee_1440,54,HR,Specialist,Bachelor,Jaipur,48033.0,7.6,1,2,Yes,4.71,44.2,4,1,4.65,1,0,78.71
EMP1441,Employee_1441,58,Operations,Specialist,Bachelor,Noida,52310.0,4.1,5,4,No,5.0,61.2,6,0,5.0,1,0,1.47
EMP1442,Employee_1442,21,IT,Coordinator,Master,Lucknow,47267.0,7.6,3,3,Yes,5.0,40.2,6,0,5.0,1,0,17.61
EMP1443,Employee_1443,39,Sales,Developer,Master,Lucknow,34105.0,2.5,2,3,No,5.0,28.7,3,0,5.0,1,0,20.77
EMP1444,Employee_1444,29,HR,Developer,Master,Noida,40130.0,4.1,2,3,No,4.8,24.0,5,0,4.85,1,0,16.54
EMP1445,Employee_1445,57,Finance,Specialist,Bachelor,Noida,48109.0,9.3,2,5,Yes,5.0,16.6,6,0,5.0,1,1,27.69
EMP1446,Employee_1446,49,Finance,Executive,Bachelor,Noida,53998.0,8.9,5,5,No,5.0,58.8,4,0,4.85,1,0,0.0
EMP1447,Employee_1447,33,IT,Analyst,Bachelor,Jaipur,65305.0,1.1,4,1,No,4.79,27.4,8,0,4.76,1,0,8.39
EMP1448,Employee_1448,43,Operations,Manager,Master,Noida,75779.0,1.6,5,1,No,4.3,59.6,9,0,4.16,1,0,23.31
EMP1449,Employee_1449,45,Finance,Specialist,Master,Dehradun,45524.0,5.7,2,2,Yes,2.75,49.5,10,0,2.87,1,1,62.29
EMP1450,Employee_1450,40,IT,Executive,Bachelor,Noida,41965.0,12.4,3,5,Yes,5.0,5.6,5,0,5.0,1,0,19.84
EMP1451,Employee_1451,39,Operations,Manager,Master,Dehradun,61628.0,0.2,1,3,No,4.45,20.7,5,0,5.0,0,0,16.38
EMP1452,Employee_1452,23,Operations,Developer,Bachelor,Noida,65439.0,6.4,5,5,No,5.0,20.6,5,0,5.0,1,0,1.52
EMP1453,Employee_1453,39,HR,Manager,Bachelor,Delhi,42448.0,0.2,3,4,No,5.0,28.9,9,0,5.0,1,0,0.0
EMP1454,Employee_1454,34,Sales,Coordinator,Bachelor,Delhi,69389.0,2.5,3,3,Yes,4.9,29.2,5,0,5.0,1,0,11.06
EMP1455,Employee_1455,53,Finance,Executive,Bachelor,Lucknow,73551.0,3.7,3,2,No,5.0,71.9,9,0,5.0,1,0,10.16
EMP1456,Employee_1456,55,Finance,Coordinator,Master,Delhi,80417.0,3.4,2,2,No,4.07,14.9,7,0,3.84,0,1,38.64
EMP1457,Employee_1457,51,Sales,Developer,Master,Haldwani,91123.0,3.0,5,1,Yes,5.0,33.2,4,0,5.0,1,0,30.57
EMP1458,Employee_1458,22,Finance,Specialist,Bachelor,Lucknow,32939.0,5.2,3,3,No,5.0,38.6,9,0,5.0,1,0,5.63
EMP1459,Employee_1459,54,Operations,Developer,Master,Lucknow,52306.0,3.0,4,2,No,5.0,30.0,7,0,4.96,1,0,21.92
EMP1460,Employee_1460,36,Sales,Analyst,Master,Noida,52248.0,0.2,1,2,No,2.47,31.5,2,1,2.44,0,1,82.95
EMP1461,Employee_1461,37,Marketing,Specialist,PhD,Dehradun,49842.0,8.5,2,1,No,4.11,15.4,6,0,4.26,1,1,32.12
EMP1462,Employee_1462,58,Sales,Specialist,Master,Jaipur,37716.0,8.4,5,4,No,5.0,31.5,7,0,5.0,1,0,0.23
EMP1463,Employee_1463,55,Marketing,Executive,Bachelor,Jaipur,19318.0,8.7,1,5,No,5.0,37.2,9,0,5.0,1,0,9.21
EMP1464,Employee_1464,23,HR,Specialist,Master,Haldwani,54039.0,0.2,1,3,Yes,4.08,34.6,6,0,4.33,0,0,29.07
EMP1465,Employee_1465,35,Sales,Specialist,Bachelor,Delhi,35096.0,6.5,5,3,Yes,5.0,38.0,7,0,5.0,1,0,17.94
EMP1466,Employee_1466,50,Operations,Developer,PhD,Delhi,53892.0,8.0,2,5,Yes,5.0,49.8,6,0,5.0,1,0,27.5
EMP1467,Employee_1467,42,Sales,Coordinator,Bachelor,Dehradun,34531.0,0.9,2,3,No,4.93,43.1,4,0,5.0,1,0,13.38
EMP1468,Employee_1468,31,Finance,Manager,Master,Delhi,27808.0,5.2,3,4,No,5.0,31.0,4,0,5.0,1,0,0.0
EMP1469,Employee_1469,41,IT,Developer,Bachelor,Jaipur,57155.0,4.7,1,3,Yes,4.51,13.6,9,0,5.0,1,1,40.56
EMP1470,Employee_1470,55,Operations,Executive,Bachelor,Dehradun,55320.0,12.9,1,3,Yes,5.0,21.6,8,0,5.0,1,0,20.83
EMP1471,Employee_1471,29,Marketing,Specialist,Master,Dehradun,64744.0,13.3,1,3,No,5.0,26.9,6,0,4.87,1,0,17.51
EMP1472,Employee_1472,50,Marketing,Analyst,Master,Jaipur,100089.0,0.2,1,4,No,4.69,33.5,8,0,5.0,1,0,13.73
EMP1473,Employee_1473,50,HR,Specialist,Bachelor,Lucknow,58100.0,15.7,1,4,No,5.0,23.3,4,0,5.0,1,0,11.8
EMP1474,Employee_1474,56,HR,Manager,PhD,Dehradun,62672.0,1.4,4,3,No,5.0,16.9,7,0,5.0,1,0,0.0
EMP1475,Employee_1475,32,Finance,Developer,Master,Noida,28294.0,9.3,2,1,No,4.88,13.4,5,0,4.98,1,1,33.34
EMP1476,Employee_1476,29,Marketing,Executive,Bachelor,Haldwani,23688.0,9.3,1,5,Yes,5.0,6.9,7,0,4.77,1,1,33.62
EMP1477,Employee_1477,42,Operations,Specialist,Master,Haldwani,86822.0,1.0,1,5,No,4.61,26.7,7,0,4.81,1,0,15.93
EMP1478,Employee_1478,42,Sales,Executive,Bachelor,Jaipur,31683.0,7.3,3,1,No,3.94,9.4,6,0,4.38,1,0,20.46
EMP1479,Employee_1479,37,Finance,Developer,Master,Jaipur,29033.0,4.7,5,2,No,5.0,16.0,3,0,4.8,1,0,21.34
EMP1480,Employee_1480,52,Sales,Coordinator,Bachelor,Jaipur,51140.0,7.5,2,5,No,4.55,24.5,8,0,4.71,1,0,19.08
EMP1481,Employee_1481,52,IT,Coordinator,Bachelor,Delhi,50016.0,6.2,1,2,Yes,3.84,11.3,3,1,3.83,0,1,77.27
EMP1482,Employee_1482,30,Marketing,Coordinator,Master,Dehradun,32145.0,10.2,2,5,No,5.0,35.3,6,0,5.0,1,0,17.47
EMP1483,Employee_1483,52,IT,Coordinator,PhD,Haldwani,45291.0,5.5,3,4,No,5.0,40.4,7,0,5.0,1,0,2.5
EMP1484,Employee_1484,30,Marketing,Manager,Master,Delhi,79046.0,4.5,1,5,No,4.46,22.3,2,0,4.69,1,0,10.92
EMP1485,Employee_1485,37,HR,Analyst,PhD,Noida,34268.0,9.8,5,1,No,5.0,23.9,8,0,5.0,1,0,7.15
EMP1486,Employee_1486,22,IT,Coordinator,Master,Delhi,21339.0,7.6,4,3,No,5.0,37.5,6,0,5.0,1,0,0.0
EMP1487,Employee_1487,34,HR,Specialist,Master,Jaipur,72737.0,8.3,2,3,No,5.0,20.0,6,0,4.76,1,0,15.35
EMP1488,Employee_1488,59,Finance,Coordinator,Master,Delhi,62831.0,2.4,5,5,No,4.02,19.0,7,0,4.27,1,0,1.49
EMP1489,Employee_1489,38,Marketing,Manager,Bachelor,Delhi,38349.0,0.8,2,2,No,3.36,46.8,5,1,3.5,0,0,59.09
EMP1490,Employee_1490,49,Finance,Executive,Bachelor,Dehradun,18000.0,2.8,1,2,No,5.0,42.4,6,0,5.0,1,0,35.23
EMP1491,Employee_1491,25,Operations,Manager,Bachelor,Delhi,35618.0,2.6,5,1,Yes,5.0,38.4,6,0,5.0,1,0,30.76
EMP1492,Employee_1492,46,Operations,Developer,Master,Haldwani,50797.0,8.5,5,4,No,5.0,43.0,11,0,5.0,1,0,6.75
EMP1493,Employee_1493,35,Marketing,Coordinator,Bachelor,Noida,77645.0,9.3,2,5,No,5.0,5.0,8,0,4.9,1,1,16.85
EMP1494,Employee_1494,50,Finance,Developer,Bachelor,Jaipur,29195.0,4.5,3,1,No,4.51,49.0,6,0,4.94,1,0,9.67
EMP1495,Employee_1495,58,IT,Analyst,Master,Dehradun,50141.0,11.2,1,2,No,5.0,35.5,8,1,5.0,1,0,67.29
EMP1496,Employee_1496,42,HR,Executive,Bachelor,Haldwani,66853.0,10.9,4,2,No,5.0,44.2,3,0,5.0,1,0,18.35
EMP1497,Employee_1497,25,Sales,Coordinator,Bachelor,Haldwani,18000.0,6.2,4,5,No,5.0,35.4,6,0,5.0,1,0,0.0
EMP1498,Employee_1498,40,HR,Specialist,Master,Haldwani,74743.0,1.7,4,3,No,4.71,30.7,7,0,5.0,1,0,0.0
EMP1499,Employee_1499,25,Operations,Executive,Master,Lucknow,25986.0,11.8,3,2,No,5.0,26.1,4,0,5.0,1,0,15.5
EMP1500,Employee_1500,38,HR,Developer,Bachelor,Dehradun,59304.0,4.9,4,2,No,4.6,35.1,5,0,4.85,1,0,10.0
EMP1501,Employee_1501,23,Sales,Developer,Bachelor,Haldwani,57427.0,5.7,3,3,Yes,4.33,25.6,7,0,4.15,1,0,20.6
EMP1502,Employee_1502,46,Finance,Developer,Bachelor,Lucknow,75861.0,3.8,5,2,No,4.12,42.2,10,0,4.6,1,0,12.96
EMP1503,Employee_1503,33,Operations,Coordinator,Master,Jaipur,64120.0,1.5,1,1,No,2.42,7.8,3,1,2.43,0,1,93.62
EMP1504,Employee_1504,29,Operations,Executive,Master,Haldwani,18000.0,0.2,3,5,No,4.49,22.4,5,0,4.77,1,0,0.0
EMP1505,Employee_1505,21,IT,Analyst,Bachelor,Haldwani,34735.0,7.9,3,3,No,4.41,58.6,3,0,4.75,1,0,0.67
EMP1506,Employee_1506,56,HR,Analyst,Master,Jaipur,55041.0,1.9,3,2,No,4.72,21.2,9,0,4.99,1,0,22.15
EMP1507,Employee_1507,54,Finance,Analyst,Bachelor,Haldwani,47710.0,18.1,1,4,No,4.76,26.7,9,0,4.99,1,0,10.55
EMP1508,Employee_1508,53,IT,Coordinator,Bachelor,Jaipur,62507.0,0.6,2,4,No,2.35,17.6,2,0,2.65,0,1,34.2
EMP1509,Employee_1509,23,IT,Coordinator,PhD,Delhi,69366.0,0.2,5,1,No,4.09,34.7,8,0,4.3,1,0,12.98
EMP1510,Employee_1510,34,IT,Executive,Bachelor,Noida,65386.0,7.3,1,1,No,3.65,19.7,7,0,3.47,0,1,26.58
EMP1511,Employee_1511,59,Operations,Manager,Bachelor,Delhi,47286.0,11.6,4,1,Yes,4.95,27.4,6,0,5.0,1,0,31.22
EMP1512,Employee_1512,44,Marketing,Analyst,Bachelor,Delhi,18000.0,5.5,4,4,No,5.0,41.9,7,0,5.0,1,0,0.0
EMP1513,Employee_1513,26,Operations,Analyst,Master,Noida,41979.0,7.6,3,4,No,5.0,20.2,5,0,4.82,1,0,0.0
EMP1514,Employee_1514,26,Marketing,Analyst,PhD,Dehradun,61160.0,0.2,1,4,No,4.78,41.0,4,0,4.75,0,0,17.58
EMP1515,Employee_1515,31,Operations,Analyst,PhD,Noida,28010.0,2.4,1,4,No,4.33,41.5,2,0,4.6,0,0,13.92
EMP1516,Employee_1516,59,Sales,Developer,Bachelor,Noida,65888.0,0.7,2,3,No,4.28,44.8,12,0,4.62,1,0,10.0
EMP1517,Employee_1517,27,Operations,Coordinator,Bachelor,Haldwani,71985.0,0.2,1,3,No,3.33,32.0,5,0,3.0,0,0,20.15
EMP1518,Employee_1518,57,Sales,Manager,Master,Jaipur,54791.0,5.7,1,4,Yes,4.56,75.4,7,0,4.87,1,0,33.65
EMP1519,Employee_1519,48,HR,Specialist,Bachelor,Jaipur,18000.0,0.2,1,2,No,3.13,44.8,8,1,3.72,0,0,59.79
EMP1520,Employee_1520,57,Finance,Developer,Master,Noida,23882.0,0.2,1,5,No,4.54,34.5,5,0,4.64,0,0,8.53
EMP1521,Employee_1521,54,HR,Executive,Master,Dehradun,93496.0,2.9,5,5,Yes,5.0,17.7,2,0,5.0,1,1,10.24
EMP1522,Employee_1522,34,Sales,Executive,Bachelor,Lucknow,39976.0,1.7,4,5,Yes,4.92,28.6,6,0,5.0,1,0,17.73
EMP1523,Employee_1523,54,IT,Analyst,Master,Delhi,18000.0,6.9,1,5,No,5.0,50.0,5,0,5.0,1,0,16.38
EMP1524,Employee_1524,27,Marketing,Analyst,Bachelor,Haldwani,79175.0,6.5,4,2,No,5.0,53.9,7,0,5.0,1,0,18.95
EMP1525,Employee_1525,32,IT,Coordinator,Bachelor,Noida,52294.0,9.0,1,1,No,3.81,50.7,6,0,3.41,1,0,28.37
EMP1526,Employee_1526,29,IT,Coordinator,Master,Dehradun,76309.0,8.4,3,3,Yes,5.0,41.0,5,0,5.0,1,0,10.38
EMP1527,Employee_1527,26,Operations,Coordinator,Bachelor,Haldwani,58093.0,10.0,1,4,No,4.89,12.4,5,0,5.0,1,1,19.59
EMP1528,Employee_1528,24,Sales,Manager,Master,Dehradun,62088.0,5.2,1,4,No,3.96,36.8,6,0,4.81,1,0,12.23
EMP1529,Employee_1529,28,Operations,Manager,Master,Dehradun,59986.0,6.5,1,2,No,4.22,12.6,7,0,4.18,1,1,30.93
EMP1530,Employee_1530,25,Operations,Manager,PhD,Haldwani,67345.0,7.3,3,2,No,4.5,9.2,5,0,4.17,1,0,7.25
EMP1531,Employee_1531,36,Finance,Developer,PhD,Dehradun,102103.0,5.8,3,3,Yes,4.4,33.3,3,0,4.58,1,0,12.15
EMP1532,Employee_1532,23,Sales,Specialist,Bachelor,Lucknow,73362.0,3.5,2,5,No,3.89,37.3,3,0,4.02,1,0,20.05
EMP1533,Employee_1533,23,Sales,Specialist,Bachelor,Delhi,18000.0,3.8,4,1,Yes,4.5,42.6,6,1,4.92,1,0,61.42
EMP1534,Employee_1534,60,IT,Specialist,Master,Noida,61827.0,1.8,4,2,No,5.0,37.0,6,0,5.0,1,0,19.07
EMP1535,Employee_1535,24,Finance,Manager,PhD,Lucknow,77113.0,7.0,4,2,Yes,4.77,37.4,8,0,5.0,1,0,18.34
EMP1536,Employee_1536,23,Sales,Executive,Bachelor,Dehradun,78459.0,4.8,3,5,No,5.0,16.2,7,0,5.0,1,0,0.0
EMP1537,Employee_1537,22,HR,Specialist,Bachelor,Lucknow,42615.0,2.4,3,3,Yes,5.0,28.5,8,1,5.0,1,0,49.14
EMP1538,Employee_1538,26,Sales,Developer,Bachelor,Lucknow,77629.0,2.4,3,1,No,5.0,8.9,6,1,5.0,0,0,58.71
EMP1539,Employee_1539,42,Finance,Specialist,Bachelor,Jaipur,72410.0,0.2,2,2,No,4.57,5.0,3,0,4.55,0,1,24.15
EMP1540,Employee_1540,54,Sales,Manager,Master,Dehradun,108595.0,9.3,3,1,No,5.0,40.4,4,0,5.0,1,0,18.35
EMP1541,Employee_1541,50,Marketing,Coordinator,Bachelor,Lucknow,35500.0,5.5,1,3,Yes,3.79,19.5,3,1,4.23,0,1,70.28
EMP1542,Employee_1542,44,Sales,Developer,Master,Jaipur,40837.0,1.6,5,5,Yes,4.14,42.2,3,0,4.62,1,0,11.39
EMP1543,Employee_1543,24,IT,Coordinator,Master,Lucknow,45265.0,8.6,2,3,No,4.63,45.5,5,0,4.84,1,0,13.13
EMP1544,Employee_1544,51,IT,Coordinator,Master,Dehradun,41215.0,2.8,4,5,No,5.0,21.3,3,0,4.6,1,0,0.71
EMP1545,Employee_1545,22,Marketing,Analyst,Bachelor,Lucknow,32420.0,0.2,5,4,No,5.0,38.3,4,0,5.0,1,0,0.0
EMP1546,Employee_1546,46,Sales,Developer,Bachelor,Delhi,18000.0,9.5,3,5,No,5.0,20.7,3,0,4.94,1,0,0.0
EMP1547,Employee_1547,37,HR,Manager,Master,Haldwani,42437.0,2.9,5,2,No,5.0,5.0,2,0,5.0,0,1,21.38
EMP1548,Employee_1548,56,Finance,Specialist,Master,Noida,60126.0,3.5,3,5,No,5.0,31.7,3,0,5.0,1,0,2.61
EMP1549,Employee_1549,33,Finance,Specialist,Bachelor,Haldwani,41149.0,5.4,1,2,Yes,4.64,23.4,9,1,4.86,1,0,79.22
EMP1550,Employee_1550,46,Marketing,Coordinator,Master,Haldwani,94578.0,10.0,1,3,No,4.04,23.8,6,0,3.97,1,0,15.57
EMP1551,Employee_1551,38,Marketing,Developer,Bachelor,Delhi,52294.0,5.3,1,4,No,3.81,57.7,5,0,3.8,1,0,17.9
EMP1552,Employee_1552,41,HR,Manager,Master,Haldwani,80403.0,0.2,5,2,No,5.0,8.6,9,0,5.0,1,0,18.86
EMP1553,Employee_1553,58,Marketing,Developer,Bachelor,Jaipur,57751.0,7.5,3,2,No,5.0,35.4,6,0,4.99,1,0,12.22
EMP1554,Employee_1554,49,IT,Coordinator,Bachelor,Noida,70181.0,3.2,2,1,No,3.57,16.1,3,0,3.68,0,1,37.67
EMP1555,Employee_1555,37,Operations,Analyst,Master,Dehradun,58143.0,13.1,3,1,No,4.71,42.7,5,0,5.0,1,0,21.58
EMP1556,Employee_1556,38,Finance,Manager,Bachelor,Jaipur,82113.0,5.2,2,3,No,4.21,34.2,6,0,4.67,1,0,18.39
EMP1557,Employee_1557,49,Marketing,Executive,Bachelor,Delhi,53231.0,0.2,5,5,Yes,5.0,35.3,9,0,5.0,1,0,10.79
EMP1558,Employee_1558,34,Operations,Coordinator,Bachelor,Noida,62915.0,6.7,5,2,No,4.69,16.8,6,0,4.92,1,0,9.9
EMP1559,Employee_1559,27,Marketing,Developer,Bachelor,Haldwani,60059.0,13.4,1,3,No,3.92,19.3,10,0,4.33,1,1,13.37
EMP1560,Employee_1560,39,Operations,Developer,Master,Noida,45658.0,11.8,4,5,No,5.0,43.0,4,0,5.0,1,0,0.3
EMP1561,Employee_1561,23,Finance,Manager,Bachelor,Jaipur,60910.0,12.9,2,4,No,5.0,54.8,4,0,5.0,1,0,6.16
EMP1562,Employee_1562,27,Sales,Developer,Master,Noida,101156.0,0.9,1,1,Yes,4.25,36.7,7,1,4.04,0,0,82.47
EMP1563,Employee_1563,37,HR,Coordinator,Master,Jaipur,46051.0,9.0,5,3,Yes,5.0,17.4,12,0,5.0,1,0,21.44
EMP1564,Employee_1564,52,IT,Manager,Bachelor,Delhi,61228.0,2.2,1,1,Yes,3.76,34.7,6,1,4.16,0,0,82.88
EMP1565,Employee_1565,52,Operations,Manager,Bachelor,Lucknow,79671.0,6.1,2,2,No,3.97,64.0,4,0,4.13,1,0,26.62
EMP1566,Employee_1566,31,IT,Executive,Master,Haldwani,77086.0,0.2,1,2,Yes,3.58,31.4,5,1,4.19,0,0,76.03
EMP1567,Employee_1567,37,IT,Executive,Master,Dehradun,52258.0,2.5,3,4,No,5.0,50.5,9,1,5.0,1,0,36.5
EMP1568,Employee_1568,27,IT,Developer,Master,Dehradun,18000.0,2.4,3,1,No,4.79,19.6,4,0,4.95,0,0,14.23
EMP1569,Employee_1569,51,Finance,Coordinator,Master,Lucknow,63367.0,9.0,2,2,No,4.65,29.4,6,0,5.0,1,0,32.22
EMP1570,Employee_1570,30,Finance,Coordinator,Bachelor,Haldwani,18000.0,8.6,1,2,Yes,5.0,38.7,5,1,5.0,1,0,83.01
EMP1571,Employee_1571,52,Operations,Manager,Bachelor,Haldwani,84339.0,6.4,1,2,No,4.17,35.6,5,0,4.43,1,0,35.46
EMP1572,Employee_1572,54,HR,Manager,Master,Delhi,55728.0,0.2,5,4,Yes,5.0,19.3,4,0,5.0,1,0,9.34
EMP1573,Employee_1573,48,IT,Developer,Bachelor,Haldwani,73993.0,3.9,5,2,No,5.0,18.7,8,0,4.83,1,0,16.11
EMP1574,Employee_1574,34,Sales,Analyst,Master,Jaipur,32154.0,2.1,5,2,Yes,3.95,43.8,2,0,4.08,0,0,28.18
EMP1575,Employee_1575,59,Sales,Executive,Bachelor,Delhi,18000.0,8.9,3,3,Yes,5.0,46.7,4,0,5.0,1,0,14.51
EMP1576,Employee_1576,48,HR,Developer,Master,Noida,57737.0,10.1,3,4,Yes,5.0,51.2,6,0,5.0,1,0,19.32
EMP1577,Employee_1577,46,Operations,Analyst,Bachelor,Noida,51261.0,9.6,4,1,No,5.0,55.3,4,0,5.0,1,0,19.87
EMP1578,Employee_1578,55,Finance,Analyst,Bachelor,Jaipur,41186.0,2.0,4,5,Yes,5.0,31.9,7,0,4.84,1,0,21.99
EMP1579,Employee_1579,56,Operations,Analyst,Bachelor,Dehradun,53863.0,0.2,3,5,No,4.87,25.6,7,0,4.65,1,0,2.13
EMP1580,Employee_1580,24,Sales,Executive,Bachelor,Noida,112884.0,0.2,2,4,No,3.95,48.9,6,0,4.43,1,0,14.45
EMP1581,Employee_1581,56,Sales,Manager,Master,Lucknow,70360.0,11.2,3,3,No,5.0,40.0,2,0,5.0,1,0,0.0
EMP1582,Employee_1582,51,Operations,Coordinator,Bachelor,Delhi,75089.0,3.5,1,4,Yes,4.73,16.2,8,1,4.87,1,1,56.33
EMP1583,Employee_1583,29,Sales,Specialist,Bachelor,Lucknow,70567.0,2.0,1,3,Yes,3.67,15.5,5,0,3.91,0,1,36.7
EMP1584,Employee_1584,33,Sales,Developer,Bachelor,Lucknow,84548.0,12.1,4,2,No,5.0,36.9,4,0,5.0,1,0,13.39
EMP1585,Employee_1585,51,HR,Developer,Bachelor,Lucknow,47818.0,10.5,5,2,Yes,5.0,27.5,3,1,4.95,1,0,67.53
EMP1586,Employee_1586,29,Operations,Analyst,Master,Haldwani,18000.0,5.3,1,1,No,3.42,29.6,5,0,3.44,0,0,33.39
EMP1587,Employee_1587,39,Marketing,Executive,Bachelor,Lucknow,47851.0,4.0,1,5,No,5.0,45.0,7,0,5.0,1,0,8.77
EMP1588,Employee_1588,48,Sales,Manager,PhD,Lucknow,69858.0,4.6,1,2,No,4.63,40.6,2,0,5.0,1,0,25.38
EMP1589,Employee_1589,47,Operations,Manager,Bachelor,Jaipur,30664.0,6.2,4,2,Yes,4.95,48.6,7,0,4.96,1,0,37.74
EMP1590,Employee_1590,57,Operations,Executive,Master,Noida,48120.0,11.9,2,5,No,5.0,5.0,8,0,5.0,1,1,16.45
EMP1591,Employee_1591,25,Marketing,Developer,Bachelor,Noida,36781.0,7.0,2,3,Yes,4.92,33.5,3,0,5.0,1,0,27.1
EMP1592,Employee_1592,32,Operations,Analyst,Bachelor,Haldwani,85045.0,8.2,1,4,No,2.88,39.7,11,0,3.31,1,1,34.37
EMP1593,Employee_1593,60,IT,Analyst,Master,Dehradun,68488.0,10.1,5,2,Yes,5.0,8.6,5,0,5.0,1,0,35.43
EMP1594,Employee_1594,43,Operations,Specialist,PhD,Jaipur,66334.0,0.3,3,2,No,4.34,20.8,10,0,4.44,1,0,19.67
EMP1595,Employee_1595,30,IT,Manager,Master,Lucknow,65675.0,8.4,4,4,No,5.0,18.2,2,0,5.0,1,1,0.0
EMP1596,Employee_1596,32,Marketing,Manager,Bachelor,Haldwani,51181.0,4.0,4,3,Yes,5.0,30.3,4,1,5.0,1,0,58.17
EMP1597,Employee_1597,34,Finance,Specialist,Bachelor,Dehradun,56346.0,0.2,1,1,Yes,4.21,52.8,11,1,4.51,1,0,84.83
EMP1598,Employee_1598,43,Marketing,Coordinator,Master,Noida,25926.0,0.2,5,5,No,5.0,58.3,8,0,4.96,1,0,0.0
EMP1599,Employee_1599,32,Finance,Specialist,Bachelor,Noida,18000.0,0.9,3,3,Yes,3.93,18.6,5,0,3.9,0,0,9.04
EMP1600,Employee_1600,45,Finance,Manager,Master,Haldwani,55302.0,7.4,4,4,Yes,5.0,37.4,5,0,5.0,1,0,20.27
